,식당명,대표메뉴,주소
0,쌍다리돼지불백,돼지불백,서울특별시 성북구 성북동 109-2
1,성북동 돼지갈비집,돼지불백,서울특별시 성북구 성북동 114-2
2,계림,닭볶음탕,서울특별시 종로구 종로3가 167
3,마포원조떡볶이,떡볶이,서울특별시 마포구 도화동 345-4
4,서린낙지,낙지볶음,서울특별시 종로구 종로1가 24 르메이에르 종로타운 2층
5,바다식당,부대찌개,서울특별시 용산구 한남동 743-7
6,달인꽈배기,꽈배기,서울특별시 서대문구 영천동 69-3
7,신토불이떡볶이,떡볶이,서울특별시 광진구 구의동 52-17
8,공항칼국수,버섯칼국수,서울특별시 강서구 공항동 73-7
9,한라산도새기,오겹살,서울특별시 구로구 오류2동 135-68
10,라면 땡기는 날,짬뽕라면,서울특별시 종로구 화동 138-21
11,닭칼원조집,닭한마리,서울특별시 중구 중림동 110-3
12,미스터 칠드런,즉석떡볶이,서울특별시 영등포구 여의도동 44-14
13,남도식당,연탄삼겹살,서울특별시 종로구 청진동 204-1
14,호남식당,쫄갈비,서울특별시 중구 충무로4가 127-16
15,옥천매운족발,매운족발,서울특별시 종로구 창신1동 142-27
16,평안도 족발집,족발,서울특별시 중구 장충동1가 62-16
17,골목떡볶이,국물떡볶이,서울특별시 송파구 문정동 44
18,전주익산집,백순대 철판볶음,서울특별시 관악구 신림동 1640-31
19,머거보까매운불갈비찜,매운갈비찜,서울특별시 중구 신당동 368-60
20,이조보쌈,모둠보쌈,서울특별시 영등포구 당산동 295
21,감초식당,연탄갈비,서울특별시 동대문구 제기동 892-12
22,감미치킨,바비큐치킨,서울특별시 송파구 풍납동 405
23,소담,돌냄비우동,서울특별시 성북구 보문동5가 3-3
24,혼가츠,매운돈까스,서울특별시 마포구 서교동 358-49
25,장원북어국,북어국,서울특별시 영등포구 여의도동 226-36
26,일등식당,뼈해장국,서울특별시 마포구 망원동 476-1
27,용마해장국,해장국,서울특별시 중랑구 망우동 407-28
28,서대문외할머니라면,다슬기라면,서울특별시 서대문구 충정로2가 124
29,나인온스,햄버거,서울특별시 관악구 봉천동 1626-20
30,호남집,야채곱창,서울특별시 종로구 종로5가 225-27
31,돈암순대김밥,순대,서울특별시 성북구 동소문동5가 63-3 돈암제일시장 내
32,혜화 칼국수,칼국수,서울특별시 종로구 혜화동 84-3
33,중림장,도가니탕,서울특별시 중구 중림동 468
34,가나기사식당,돈까스,서울특별시 강남구 논현동 275-3
35,돈까스먹는 용만이,돈까스,서울특별시 노원구 중계4동 140-42
36,만두명가,꽈배기,서울특별시 강북구 수유1동 54-1
37,효동각,짜장면,서울특별시 서대문구 대신동 50-2
38,연신네 불오징어,불오징어,서울특별시 은평구 대조동 185-34
39,복정집,오징어찌개,서울특별시 중구 충무로4가 306
40,원조누드김밥,누드김밥,서울특별시 종로구 예지동 30-4 광장시장 41호
41,신계치,라면,서울특별시 서대문구 창천동 2-24
42,라면점빵,라면,서울특별시 종로구 필운동 202
43,수목식당,칼국수,서울특별시 동작구 흑석동 54-146
44,삼숙이라면,파채라면,서울특별시 종로구 인사동 220-2
45,낙산냉면,매운냉면,서울특별시 종로구 창신동 81-8
46,참나무 닭나라,장작구이 통닭,서울특별시 성북구 성북동 173-28
47,영일분식,칼비빔국수,서울특별시 영등포구 문래동4가 8-26
48,소문난성수감자탕,감자탕,서울특별시 성동구 성수동2가 315-100
49,할매집,감자탕,서울특별시 종로구 내자동 108
50,원할매 소문난 닭한마리,닭한마리 칼국수,서울특별시 종로구 종로5가 282-21
51,청파 쌍대포,돼지껍데기,서울특별시 용산구 청파동2가 95
52,중화원,짬뽕,서울특별시 은평구 대조동 197-19
53,우정,국물 닭발,서울특별시 중구 신당동 304-791
54,보들이족발,족발,서울특별시 은평구 대조동 185-44
55,굴다리식당,김치찌개,서울특별시 마포구 도화동 181-45
56,매덕스피자,피자,서울특별시 용산구 이태원동 129-9
57,하하,만두 #가지볶음,서울특별시 마포구 연남동 229-12
58,엄마손만두,매콤 만둣국,서울특별시 강동구 천호동 436-5
59,노량진 포차 수제비,멸치수제비,서울특별시 동작구 노량진로 184
60,순댕이네얼큰수제비,칼제비 국밥,서울특별시 금천구 독산동 159-7
61,은성횟집,대구매운탕,서울특별시 종로구 종로4가 165-2
62,찬양집,바지락칼국수,서울특별시 종로구 돈의동 27
63,피자아일랜드,피자,서울특별시 서대문구 홍은동 202-5
64,왕타이,팟타이,서울특별시 용산구 이태원1동 176-2 
65,가마마루이,일본라면,서울특별시 서대문구 창천동 91-6
66,발리비스트로,미고랭,서울특별시 마포구 노고산동 31-74
67,홍은손칼국수전문점,칼국수,서울특별시 서대문구 홍은동 48-100
68,윤씨밀방,함박,서울특별시 마포구 상수동 315-3
69,수와래,파스타,서울특별시 종로구 삼청동 35-116
70,한일식당,생선구이,서울특별시 종로구 관수동 43-2
71,너도나도식당,우렁된장찌개,서울특별시 영등포구 양평동5가 57-1
72,허파식당,소허파전골,서울특별시 동대문구 제기동 1156-14
73,쿠이신보,야키도리,서울특별시 마포구 합정동 413-16
74,망원양꼬치,양꼬치,서울특별시 마포구 망원동 379-2
75,고가네 원조숯불구이통닭,닭꼬치,서울특별시 동작구 상도동 195-52
76,돈파스팔레,돈가스 파스타,서울특별시 관악구 봉천동 1628-18
77,선다래,비프 오므라이스,서울특별시 용산구 청파동2가 55-8
78,미정이네식당,코다리찜,서울특별시 성동구 성수동2가 335-138
79,장안정,돈가스,서울특별시 동대문구 장안동 334-3
80,아차산할아버지 순두부,순두부,서울특별시 광진구 구의동 143-2
81,라이너스바베큐,폴드포크,서울특별시 용산구 이태원1동 56-20
82,원조수구레,수구레,서울특별시 강서구 방화동 179-14
83,마녀커리크림치킨,커리크림 치킨,서울특별시 마포구 서교동 402-2
84,풍남원조골뱅이,골뱅이,서울특별시 중구 을지로3가 350-1
85,꼬메이베베,스페인 요리,서울특별시 마포구 연남동 383-72 3층
86,뭄알로이,태국 요리,서울특별시 마포구 상수동 93-113 2층
87,포춘레스토랑,러시아 요리,서울특별시 중구 광희동1가 250-1 2층
88,마라케쉬나이트,모로코 요리,서울특별시 용산구 이태원동 127-12
89,신촌칼국수,칼국수,서울특별시 마포구 노고산동 40-9
90,서궁,오향장육 쇠고기군만두,서울특별시 영등포구 여의도동 43-3 홍우빌딩 1층
91,대치정육식당,등심,서울특별시강남구 대치4동 911-8
92,투뿔등심,등심,서울특별시 강남구 신사동 532-9
93,새벽집,소고기,서울특별시 강남구 청담동 129-10
94,대도식당,소고기,서울특별시 성동구 홍익동 431
95,통일집,한우등심,서울특별시 중구 을지로3가 202
96,소호정,안동국시,서울특별시 서초구 양재동 392-11
97,찬양집,칼국수,서울특별시 종로구 돈의동 27
98,명동교자 본점,칼국수,서울특별시 중구 명동2가 25-2
99,국시집,칼국수,서울특별시 성북구 성북동1가 9
100,해밀손칼국수,칼국수,서울특별시 관악구 청림동 16-41
101,대성갈비,돼지갈비,서울특별시 성동구 성수동1가 668-21
102,조박집,돼지갈비,서울특별시 마포구 용강동 40-1
103,목포산꽃게,꽃게찜,서울특별시 성동구 마장동 767-41
104,한일관,불고기,서울특별시 강남구 신사동 619-4
105,쿄 베이커리,빵집,서울특별시 마포구 상수동 317-7
106,폴앤폴리나,빵집,서울특별시 마포구 서교동 343-11 1층
107,리치몬드,빵집,서울특별시 마포구 성산1동 114-5
108,유림낙지,낙지볶음,서울특별시 종로구 서린동 129-1
109,광주식당,청국장,서울특별시 동대문구 청량리동 773
110,툇마루밥상,한정식,서울특별시 송파구 문정1동 46-11
111,현고대 닭발,닭발,서울특별시 동대문구 제기동 67-6
112,풍년 닭도리탕,닭볶음탕,서울특별시 중구 서소문동 120-12
113,조선옥,소갈비,서울특별시 중구 을지로3가 229-1
114,벽제갈비,한우,서울특별시 송파구 방이동 205-8
115,우동 카덴,우동,서울특별시 마포구 서교동 391-5
116,이나니와 요스케,일본우동,서울특별시 중구 을지로1가 192-11 재능빌딩 1층
117,니시키,일본우동,서울특별시 용산구 한남동 683-122
118,한옥집,김치찌개,서울특별시 서대문구 냉천동 178
119,광화문집,김치찌개,서울특별시 종로구 당주동 43
120,굴다리식당,김치찌개,서울특별시 마포구 도화동 181-45
121,은주정,김치찌개,서울특별시 중구 주교동 43-23
122,현대정육식당,김치찌개,서울특별시 강남구 청담동 1-25
123,개성집,국수 #만두,서울특별시 동대문구 용두동 201-2
124,평안도만두집,만두,서울특별시 종로구 내수동 167 대우복합빌딩 지하 104호
125,자하손만두 본점,만두,서울특별시 종로구 부암동 245-2
126,메밀꽃필무렵,메밀,서울특별시 종로구 통의동 7-23
127,두오모,이탈리안,서울특별시 종로구 효자동 40-2
128,그라노,파스타,서울특별시 강남구 신사동 645-1
129,한추,고추튀김,서울특별시 강남구 신사동 549-9
130,반포치킨,마늘치킨,서울특별시 서초구 반포본동 1050
131,영양센터,삼계탕 #전기구이,서울특별시 중구 충무로1가 25-32
132,긴자 바이린,돈까스,서울특별시 종로구 사간동 93
133,사모님돈가스,돈까스,서울특별시 마포구 상수동 310-8
134,금왕돈까스,돈까스,서울특별시 성북구 성북동 256-1
135,한성돈까스,돈까스,서울특별시 서초구 잠원동 21-5
136,옛날민속집,두부,서울특별시 종로구 구기동 64-5
137,감촌,순두부,서울특별시 종로구 청진동 166 르메이에르 2층
138,모꼬지에,즉석떡볶이,서울특별시 송파구 송파동 195-1
139,주,중식 #탕수육,서울특별시 서초구 방배동 795-5
140,도원,중식 #탕수육,서울특별시 중구 태평로2가 23 더 플라자 호텔 3층
141,대가방,탕수육,서울특별시 강남구 논현동 99-7
142,현래장,수타짜장,서울특별시 마포구 마포동 140
143,신성각,짜장면,서울특별시 마포구 신공덕동 2-463
144,희래닭갈비,닭갈비,서울특별시 서초구 양재동 368
145,자연석돌구이,대패삼겹살,서울특별시 강남구 논현동 97-18
146,베러댄비프,삼겹살,서울특별시 강남구 신사동 514-9 지하1층
147,피자힐,피자,서울특별시 광진구 광장동 21
148,더키친 살바토레 쿠오모,피자,서울특별시 강남구 신사동 646-2
149,부자피자 1호점,화덕피자,서울특별시 용산구 한남동 743-33
150,버거그루72,수제버거,서울특별시 서초구 반포동 72-3
151,브루클린 더버거 조인트,수제버거,서울특별시 서초구 반포동 551-32
152,오케이버거,수제버거,서울특별시 영등포구 여의도동 23-8
153,아이엠어버거,수제버거,서울특별시 마포구 창전동 5-78
154,진미식당,간장게장,서울특별시 마포구 공덕동 105-127
155,큰기와집,간장게장,서울특별시 종로구 소격동 122-3
156,봉피양 본점,평양냉면 #돼지갈비,서울특별시 송파구 방이동 205-8
157,을지면옥,평양냉면,서울특별시 중구 입정동 161
158,우래옥 을지로점,평양냉면,서울특별시 중구 주교동 118-1
159,이문설농탕,설렁탕,서울특별시 종로구 견지동 88
160,외고집설렁탕,설렁탕,서울특별시 강남구 대치4동 923-22 B1F
161,무수옥,설렁탕,서울특별시 도봉구 도봉1동 600-4
162,봉쥬르밥상,설렁탕,서울특별시 서대문구 연희동 192-29
163,오장동흥남집 본점,함흥냉면,서울특별시 중구 오장동 101-7
164,밀탑 본점,빙수,서울특별시 강남구 압구정동 429 현대백화점 5층
165,동빙고,팥빙수,서울특별시 용산구 이촌동 301-162
166,대문점,오향족발,서울특별시 영등포구 영등포동3가 15-4
167,영동족발 본점,족발,서울특별시 서초구 양재동 1-8
168,평안도 족발집,족발,서울특별시 중구 장충동1가 62-16
169,초마,짬뽕,서울특별시 마포구 서교동 361-10 2층
170,호수삼계탕 본점,삼계탕,서울특별시 영등포구 신길동 342-325
171,강원정,삼계탕,서울특별시 용산구 원효로1동 48-7
172,평래옥,평양냉면,서울특별시 중구 저동2가 18-1
173,툭툭누들타이,태국음식,서울특별시 마포구 연남동 223-15
174,왕타이,태국음식,서울특별시 용산구 이태원동 176-2 영화빌딩 3층
175,창수린,태국음식,서울특별시 용산구 후암동 194-15
176,구스테이크,스테이크,서울특별시 강남구 신사동 528-3
177,BLT스테이크,스테이크,서울특별시 종로구 종로6가 289-3 JW메리어트 동대문 스퀘어 서울특별시 2층
178,울프강 스테이크하우스,스테이크,서울특별시 강남구 청담동 89-6 영인빌딩
179,비스테까,스테이크 #티라미수,서울특별시 용산구 이태원동 211-33
180,편의방,만두,서울특별시 서대문구 연희동 353-94
181,쟈니덤플링 본점,만두,서울특별시 용산구 이태원동 130-3
182,홍연,중식 #딤섬,서울특별시 중구 소공동 87
183,타지 본점,인도음식,서울특별시 중구 명동1가 1-3
184,에베레스트 본점,인도음식,서울특별시 종로구 창신동 148-1
185,히메지,카레,서울특별시 마포구 연남동 227-15
186,엘본 더테이블,스테이크,"서울특별시 강남구 신사동 530-5 2, 3층"
187,라 싸브어,프렌치,서울특별시 서초구 반포동 90-10
188,줄라이,프렌치,서울특별시 서초구 반포동 577-20
189,당인식당,백반,서울특별시 마포구 당인동 25-22
190,청담골,백반,서울특별시 강남구 청담동 19-17
191,일미식당,청국장,서울특별시 종로구 낙원동 284-6 (낙원상가 B1F 148호)
192,희정식당,부대찌개,서울특별시 영등포구 여의도동 21-3
193,바다식당,부대찌개,서울특별시 용산구 한남동 743-7
194,모이 (Moi),한식 주점,서울특별시 용산구 한남동 30-1
195,동원집,감자탕,서울특별시 중구 입정동 272-2
196,전통아바이순대,아바이순대,서울특별시 중구 산림동 84-1
197,홍천한우곱창,곱창,서울특별시 마포구 도화동 38-25
198,삼성원조양곱창,곱창,서울특별시 강남구 청담동 133-6 1F (승창빌딩 1층)
199,토말,남도음식,서울특별시 강남구 논현동 254-23
200,마츠모토,스시,서울특별시 강남구 신사동 630-1
201,스시선수,스시,서울특별시 강남구 신사동 651-16 호림아트센터
202,스시 효 본점,스시,서울특별시 강남구 청담동 21-16
203,코지마,스시,서울특별시 강남구 청담동 89-17
204,더하기84,반미,서울특별시 종로구 관훈동 106
205,탬파,쿠바 샌드위치,서울특별시 마포구 연남동 260-2
206,락희옥,보쌈,서울특별시 마포구 용강동 494-56
207,하동관,곰탕,서울특별시 중구 명동1가 10-4
208,덕원,꼬리곰탕,서울특별시 영등포구 영등포동2가 94-28
209,더램키친,양고기,서울특별시 강남구 논현동 95-4
210,브라이리퍼블릭,양고기바비큐,서울특별시 용산구 이태원1동 63-4
211,이치류,칭기즈칸,서울특별시 마포구 서교동 395-124
212,부민옥,육개장,서울특별시 중구 다동 134-4
213,동경전통육개장,육개장,서울특별시 강남구 역삼동 647-7
214,하단,만두전골,서울특별시 성북구 성북동 184-40
215,대가,만두전골,서울특별시 강남구 역삼동 810-12
216,깡통만두,만두전골,서울특별시 종로구 재동 84-22
217,모터시티,디트로이트 피자,서울특별시 용산구 이태원동 56-30
218,자리,목화솜탕수육,서울특별시 용산구 한남동 682-22
219,돈차를리,타코,서울특별시 용산구 이태원동 650
220,이요이요스시,스시,서울특별시 마포구 공덕동 469
221,스시고,스시,서울특별시 서초구 반포동 94-10
222,스시코마츠,스시,서울특별시 강남구 신사동 624-19
223,스윗츠플래닛,롤케익,서울특별시 강남구 논현동 118-1
224,듀자미,케익,서울특별시 강남구 신사동 535-9
225,키에리,케익,서울특별시 용산구 이태원동 73-7
226,순대일번지,순댓국,서울특별시 마포구 망원동 481-5
227,주오일식당,다국적 가정식,서울특별시 마포구 망원동 404-3
228,동일루,굴탕면,서울특별시 마포구 망원동 395-36 
229,마산옥,모듬찜,서울특별시 강남구 신사동 512-20
230,대복,복찜,서울특별시 중구 북창동 65-1
231,동해해물,해물찜,서울특별시 광진구 화양동 37-1
232,마산해물아구찜,아구찜,서울특별시 종로구 낙원동 45-3
233,산수갑산,대창순대,서울특별시 중구 인현동1가 15-4
234,헬카페,카페,서울특별시 용산구 보광동 238-43
235,커피 리브레,카페,서울특별시 마포구 연남동 227-15
236,진진,중식,서울특별시 마포구 서교동 469-67
237,송가,중식,서울특별시 마포구 연남동 226-16
238,홍보각,중화요리,서울특별시 중구 장충동2가 186-54 그랜드 앰배서더호텔 2층
239,고성막국수,막국수,서울특별시 강서구 방화동 323-6
240,네기,이자카야,서울특별시 강남구 신사동 540-19
241,이치에,이자카야,서울특별시 강남구 신사동 656-7 2층
242,갓포아키,이자카야,서울특별시 강남구 청담동 83-1
243,반룡산,가릿국밥,서울특별시 강남구 대치동 894-4
244,강남 따로국밥,따로국밥,서울특별시 서초구 잠원동 19-12
245,청진옥,선지해장국,서울특별시 종로구 종로1가 24 르메이에르 1층
246,서촌계단집,해산물 주점,서울특별시 종로구 내자동 11-1
247,옹달샘,곤드레밥,서울특별시 마포구 서교동 402-3
248,군자네,김치찜,서울특별시 마포구 대흥동 337-62
249,로봇김밥,김밥,서울특별시 양천구 목동 905-34 하나프라자 106호
250,서호김밥,김밥,서울특별시 서초구 방배동 790
251,조선김밥,김밥,서울특별시 종로구 소격동 159
252,아침가리긴밭,비빔밥,서울특별시 강남구 논현동 63-4 솔빛빌딩
253,목멱산방,육회비빔밥,서울특별시 중구 예장동 산 5-6
254,더베이커스테이블,브런치,서울특별시 용산구 이태원동 691
255,빙봉,브런치,서울특별시 용산구 이태원2동 210-1
256,수지스 이태원점,브런치,서울특별시 용산구 이태원동 34-16
257,버터핑거 팬케익스 청담동점,브런치,서울특별시 강남구 청담동 88-9
258,오아시스,브런치,서울특별시 강남구 청담동 88-5
259,마포옥,설렁탕,서울특별시 마포구 용강동 50-13
260,차돌소풍,차돌박이,서울특별시 서초구 서초동 1341-9
261,봉산집 본점,차돌박이,서울특별시 용산구 용산동3가 1-21
262,필동면옥,평양냉면,서울특별시 중구 필동3가 1-5
263,신들래보쌈,보쌈,서울특별시 용산구 남영동 97-5
264,이십사절기,제육볶음,서울특별시 강남구 삼성동 159-7
265,도꼭지,제육볶음,서울특별시 마포구 서교동 403-21
266,원조녹두,빈대떡,서울특별시 중구 입정동 272-8
267,봉화전,육전,서울특별시 강남구 삼성동 162-7
268,한성칼국수 본점,칼국수,서울특별시 강남구 논현동 62-13 (관우회관 지하)
269,이수통닭,가마솥통닭,서울특별시 서초구 방배동 425-1
270,계열사,치킨,서울특별시 종로구 부암동 258-3
271,레게치킨썬샤인,치킨,서울특별시 마포구 상수동 317-9
272,나리의 집,냉동삼겹살,서울특별시 용산구 한남동 738-24
273,육전식당 본점,삼겹살,서울특별시 동대문구 신설동 104-3
274,육통령,삼겹살,서울특별시 중구 충무로1가 25-36
275,청담,황태짬뽕,서울특별시 강남구 청담동 7-12
276,미나미,모밀국수,서울특별시 서초구 서초동 1668-7
277,호무랑,모밀국수,서울특별시 강남구 청담동 4-1
278,미진,모밀국수,서울특별시 종로구 청진동 146
279,옛집,국수,서울특별시 용산구 한강로1가 231-23
280,사발,닭국수,서울특별시 종로구 내수동 72
281,만나손칼국수,콩국수,서울특별시 중구 충무로5가 8-2
282,톰볼라,피자,서울특별시 서초구 반포동 106-8
283,피자아이코닉,피자,서울특별시 강남구 삼성동 166-6
284,지노스뉴욕피자,피자,서울특별시 용산구 이태원동 457-3
285,우시야,한우,서울특별시 강남구 논현로 159길 11
286,옴팡집,한우,서울특별시 영등포구 여의도동 13-3
287,뜨락,한우,서울특별시 강남구 청담동 130-13
288,마얘,디저트,서울특별시 서초구 반포동 106-5
289,Little&Much,디저트,서울특별시 강남구 삼성동 10-8
290,디저트리,디저트,서울특별시 강남구 신사동 653-7
291,펠앤콜,수제아이스크림,서울특별시 마포구 상수동 310-11
292,몰리스팝스,수제아이스크림,서울특별시 마포구 서교동 332-20
293,카카오봄,젤라또,서울특별시 용산구 이태원동 648
294,소고산제일루,훠궈,서울특별시 마포구 서교동 366-13
295,삼국지,훠궈,서울특별시 마포구 연남동 259-4
296,마라샹궈,훠궈,서울특별시 종로구 통인동 147-15
297,평가옥,이북 음식,서울특별시 강남구 삼성동 143-1
298,동무밥상,이북 음식,서울특별시 마포구 합정동 381-64
299,만두집,평양 만두,서울특별시 강남구 신사동 661-1
300,도우룸,파스타,서울특별시 서초구 방배동 797-20
301,이태리재,파스타,서울특별시 종로구 소격동 158-1
302,쿠촐로오스테리아,파스타,서울특별시 용산구 용산동2가 45-13
303,레호이,베트남쌀국수 #반미,서울특별시 용산구 이태원동 261-9
304,안,베트남쌀국수,서울특별시 마포구 연남동 387-8
305,소이연남,태국 국수,서울특별시 마포구 연남동 229-67
306,라멘베라보,일본라면,서울특별시 마포구 망원동 385-39
307,하카다분코,일본라면,서울특별시 마포구 상수동 93-28
308,멘야하나비,일본라면,서울특별시 송파구 송파동 57
309,평양집,곱창 #부속고기,서울특별시 용산구 한강로동 137-1
310,까사디노아,이탈리안 가정식,서울특별시 마포구 연남동 257-8 1층
311,떡의미학,떡,서울특별시 서대문구 연희동 89-50
312,비원떡집,떡,서울특별시 종로구 수송동 25-2
313,낙원떡집,떡,서울특별시 종로구 낙원동 1
314,오통영,굴전,서울특별시 강남구 청담동 88
315,안동장,굴짬뽕 #깐풍새우,서울특별시 중구 을지로3가 315-18
316,신성식당,굴보쌈,서울특별시 중구 북창동 81
317,덕자네방앗간,쌀 떡볶이,서울특별시 서초구 서초동 1303-10
318,셀프하우스,마늘 떡볶이,서울특별시 강동구 성내동 595
319,루비 떡볶이,새우깡 떡볶이,서울특별시 강남구 신사동 653-2
320,참식당생대구전문점,대구탕,서울특별시 마포구 용강동 43-2
321,갯바위,대구탕,서울특별시 관악구 봉천동 876-19
322,포담,딤섬,서울특별시 종로구 통인동 137-7
323,인왕식당,소머리국밥,서울특별시 종로구 통인동 27-2
324,따빠스구르메,스페인 요리,서울특별시 종로구 통인동 137-9
325,통인스윗,에그타르트,서울특별시 종로구 통인동 73
326,산호,문어숙회,서울특별시 강남구 신사동 525-7
327,고래불,문어숙회,서울특별시 강남구 역삼1동 828-53
328,원조숯불소금구이,돼지 특수부위 치마살,서울특별시 광진구 화양동 20-25
329,오돌,돼지 특수부위  꼬들살,서울특별시 영등포구 당산동4가 1-145
330,미갈매기살,돼지 특수부위 갈매기살,서울특별시 종로구 돈의동 7-1
331,정돈,돈가스,서울특별시 종로구 명륜4가 107 지하 1층
332,명동돈가스,돈가스,서울특별시 중구 명동1가 59-13
333,안즈,돈가스,서울특별시 중구 수하동 66 페럼타워빌딩 지하1층
334,대원식당,생선구이 #고등어 구이,서울특별시 용산구 용산동3가 1-64
335,다미,생선구이 #메로 구이,서울특별시 영등포구 여의도동 36-4
336,퓨전선술집,생선구이 #은대구 된장구이,서울특별시 마포구 합정동 383-9
337,나노하나,이자까야,서울특별시 마포구 연남동 260-16
338,바라티에,파스타,서울특별시 마포구 동교동 148-2
339,서대문양꼬치,양꼬치 #중식 #양고기 전골,서울특별시마포구 연남동 258-1
340,강가네맷돌빈대떡,막걸리 #감자전 #빈대떡,서울특별시 용산구 한남동 641-9
341,백곰막걸리&양조장,막걸리 #가자미찜 #수육,서울특별시 강남구 신사동 657-7
342,남도마루,막걸리 #남도음식,서울특별시 영등포구 여의도동 15-24
343,시골야채된장,된장비빔밥,서울특별시 강남구 서초동 1308-1
344,개화옥,된장국수,서울특별시 강남구 신사동 661-18
345,대복집,된장전골,서울특별시 종로구 적선동 13-2
346,여수 오동도,새조개 샤브샤브,서울특별시 강남구 대치4동 913-7
347,주은감자탕,감자탕,서울특별시 송파구 삼전동 132-13
348,원조감자탕일미집,감자탕,서울특별시 용산구 후암동 194-3
349,닭한마리감자탕,감자탕,서울특별시 강남구 신사동 512-18
350,아지겐,이자카야,서울특별시 용산구 이촌동 301-153
351,금홍,중식,서울특별시 용산구 이촌동 301-160
352,갯마을,떡만두국,서울특별시 용산구 한강로3가 65-550
353,북악정,소고기구이,서울특별시 종로구 평창동 114-12
354,다운타우너,수제버거 #아보카도 버거,서울특별시 용산구 한남동 683-63
355,코퍼룸,수제버거,서울특별시 강남구 삼성동 112-5
356,파이어벨,수제버거,서울특별시 강남구 대치동 908-17
357,피터팬1978,동네 빵집 #단팥빵 #베이커리,서울특별시 서대문구 연희동 90-5
358,아티장베이커스,빵집 #사워도우 #베이커리,서울특별시 서초구 반포동 90-11
359,악소,빵집 #브룃헨 #베이커리,서울특별시특별시 용산구 한남동 72-1
360,로리스더프라임립,스테이크,서울특별시 서초구 서초동 1317-27 GT타워 3층
361,볼트스테이크하우스,스테이크,서울특별시 강남구 청담동 95-15 2층
362,부첼리하우스,스테이크,서울특별시 용산구 한남동 1-90
363,엽기꼼닭발,숯불 닭발,서울특별시 성동구 도선동 50
364,재구네 닭발,연탄불 닭발,서울특별시 중구 신당동 132-31
365,전국통일닭발,국물 닭발,서울특별시 동대문구 장안동 433-15
366,죽변항,물회,서울특별시 성동구 성수동 상원길 40
367,고모네 원조 콩탕 북어찜,콩국수,서울특별시 강동구 성내동 413-13
368,왕자장어,장어,서울특별시 강남구 신사동 646-16 1층
369,비야게레로,멕시코 음식,서울특별시 강남구 봉은사로 78길 12
370,바토스,멕시코 음식,서울특별시 용산구 이태원로 15길1 2층
371,엘피노 323,멕시코 음식,서울특별시 용산구 녹사평대로 220 2층
372,정인면옥,냉면,서울특별시 영등포구 여의도동 국회대로 76길
373,진미평양냉면,냉면,서울특별시 강남구 논현동 115-10
374,함흥에 겨울냉면,냉면,서울특별시 중구 장충동 2가 동호로24길 21
375,박군자 진주냉면,냉면,서울특별시 송파구 방이동 180-3 2층
376,무삼면옥,막국수,서울특별시 마포구 마포대로 12길 50
377,남경막국수,막국수,서울특별시 송파구 백제고분로길7길 52-29
378,양양 메밀막국수,막국수,서울특별시 서초구 동광로15길 10 광원빌딩
379,바네하임,맥주 안주,서울특별시 노원구 공릉동 공릉로 32길 54
380,크래프트루,맥주 안주,서울특별시 종로구 익선동 166-57
381,갓포치유,맥주 안주,서울특별시 강남구 언주로 164길 34-2
382,옥경이네 건생선,민어,서울특별시 중구 황학동 380 퇴계로85길 11
383,병우네 민어탕,민어,서울특별시 종로구 팔판동 14
384,상도 실내 포장마차,오징어,서울특별시 동작구 상도동 상도로 278
385,고운님,오징어,서울특별시 강남구 대치동 894-5번지
386,성일정육점,김치찌개,서울특별시 성동구 성수동 왕십리로 14길 34-3
387,옛집,김치찌개,서울특별시 광진구 광장동 326-9
388,옛골,김치찌개,서울특별시 강남구 역삼동 605-9
389,진남포면옥,백숙,서울특별시 중구 약수동 다산로 108 
390,팜티진 쌀국수,베트남 음식,서울특별시 성동구 도선동 무학로6길 50 성동삼성쉐르빌
391,프롬하노이,베트남 음식,서울특별시 마포구 망원동 411-8 1층
392,사이공리,베트남 음식,서울특별시 동작구 노량진동 장승배기로19길 16
393,명봉 샤브샤브 양꼬치,양꼬치,서울특별시 광진구 자양동 4-1
394,미쓰양꼬치,양꼬치,서울특별시 강남구 테헤란로 64길 26 2층 대치동 897-27
395,이태원양꼬치,양꼬치,서울특별시 용산구 이태원로 20길 22 한남동 683-123
396,정원 송파나루,갈치,서울특별시 송파구 석촌동 2-1
397,남도포장마차,실내포장마차,서울특별시 관악구 청룡동 914-27
398,서촌 안주마을,실내포장마차,서울특별시 종로구 내자동 1-2
399,짱이네 산곰장어,실내포장마차,서울특별시 강남구 언주로 605 논현동 237-5
400,메종엠오,디저트,서울특별시 서초구 방배로26길 22 방배동 876-41
401,스코프,디저트,서울특별시 종로구 누하동 90-2
402,보성식당,청국장,서울특별시 동작구 동작대로17길 3 사당1동 1008-15
403,청국장서갈비,청국장,서울특별시 강남구 대치동 897-3 선릉로 420
404,배꼽집,갈비탕,서울특별시 마포구 상암동 1597번지
405,논밭골,갈비탕,서울특별시 관악구 봉천동 915-26
406,남포면옥,갈비탕,서울특별시 중구 을지로3길 24 다동 125
407,신복촌,해물탕,서울특별시 영등포구 여의도동 국제금융로8길 19
408,성수아구찜탕,해물탕,서울특별시 성동구 성수1가 1동 656-318
409,제주아줌마집,해물탕,서울특별시 강동구 풍성로58길 34 성내3동 428-9
410,삼거리먼지막순대국,순댓국,서울특별시 영등포구 시흥대로185길 11 대림1동 963-9
411,농민백암순대,순댓국,서울특별시 강남구 대치동 896-33 선릉로86길 40-4
412,동대문 와글와글 족발,족발,서울특별시 종로구 창신길 18 창신동 573-1
413,마산족발,족발,서울특별시 마포구 월드컵북로 41 서교동 449-35
414,압구정 대감 왕족발,족발,서울특별시 강남구 신사동 615-1 코끼리상가 1층
415,라이차이,짜장면,서울특별시 강서구 송정로 43 공항동 60-34
416,맛이차이나,짜장면,서울특별시 마포구 독막로 68 상수동 321-1 2층
417,대관원,짜장면,서울특별시 영등포구 당산로37길 1 당산동4가 49 2층
418,백부장집,닭한마리,서울특별시 종로구 삼봉로 100-1 공평동 129
419,강촌숯불닭갈비,닭한마리,서울특별시 구로구 공원로6나길 35-2 구로동 29-22
420,취천루,만두,서울특별시 종로구 자하문로7길 9 체부동 26
421,구복만두,만두,서울특별시 용산구 두텁바위로 10 남영동 3-4
422,삐아프,초콜릿,서울특별시 강남구 압구정로4길 27-3 신사동 523-31 1층
423,레스쁘아 뒤 이부,레스토랑,서울특별시 강남구 선릉로152길 33 청담동 90-25
424,테라13,레스토랑,서울특별시 강남구 도산대로90길 13 청담동 50-8 1층
425,양평매운탕,매운탕,서울특별시 용산구 청파로 32 청파동1가 149-3
426,무화잠 강남점,대게,서울특별시 강남구 강남대로 538 논현동 142-2 정일빌딩
427,죽해수산,대게,서울특별시 서대문구 연세로5길 30 창천동 62-3
428,쪼매매운떡볶이,떡볶이,서울특별시 노원구 공릉로 208 공릉동 208-18
429,갈현시장할머니떡볶이,떡볶이,서울특별시 은평구 통일로87길 8-1 갈현동 412-5
430,마시리벌교참꼬막,꼬막,서울특별시 송파구 위례성대로22나길 21 오금동 10
431,옹아리벌교꼬막,꼬막,서울특별시 송파구 송파대로30길 11 가락동 97-8
432,엘림,수제비,서울특별시 강북구 삼각산로 67 인수동 521-20
433,얼큰한 조벡이 수제비,수제비,서울특별시 종로구 인사동5길 15-1 인사동 190-2
434,우텐더,소고기 안심,서울특별시 강남구 압구정로42길 25-10 신사동 643-20
435,삼정하누,소고기 안심,서울특별시 강남구 봉은사로26길 12 역삼동 605-2
436,남도음식전문점,낙지,서울특별시 관악구 관악로28길 7 행운동 36-20 1층
437,해남집,낙지,서울특별시 강남구 강남대로160길 10 신사동 508-1
438,송화산시도삭면,세계의 국수,서울특별시 광진구 뚝섬로27길 48 자양동 851-20
439,또이또이베트남,세계의 국수,서울특별시 용산구 이태원로 136-1 이태원동 34-14 2층
440,몽고네,세계의 국수,서울특별시 서대문구 연희로11가길 53 연희동 192-29
441,미당순두부,순두부,서울특별시 종로구 삼일대로 388-12 관철동 27-1 대진빌딩
442,옥동식,돼지국밥,서울특별시 마포구 양화로7길 44-10 서교동 385-6 3차신도빌라
443,충무로쭈꾸미불고기,쭈꾸미,서울특별시 중구 퇴계로31길 11 필동1가 3-20
444,목포낙지마을,쭈꾸미,서울특별시 종로구 지봉로 12 창신동 394-1
445,먹거리양곱창,곱창,서울특별시 서초구 강남대로99길 35 잠원동 22-1
446,우정양곱창,곱창,서울특별시 강남구 도산대로30길 23 논현동 67-11
447,미타우동,우동,서울특별시 송파구 삼전로12길 4 삼전동 3-1
448,우동가조쿠,우동,서울특별시 성동구 왕십리로 215-1 행당동 32-22
449,농부보쌈,보쌈,서울특별시 중랑구 용마산로 389 면목동 50-46 석주빌딩
450,황금콩밭,보쌈,서울특별시 마포구 굴레방로1길 6 아현동 275-2
451,빠넬로,파스타,서울특별시 마포구 어울마당로5길 29 서교동 400-22 건우상가주택
452,오만지아,파스타,서울특별시 용산구 유엔빌리지길 14 한남동 274-13
453,고암식당,부대찌개,서울특별시 용산구 이태원로27가길 5 이태원동 123-3
454,대우 부대찌개,부대찌개,서울특별시 강남구 테헤란로25길 34 역삼동 641-18
455,문래동 원조 마늘통닭,치킨,서울특별시 영등포구 도림로 471 문래동4가 7-4
456,네키드윙즈,치킨,서울특별시 용산구 녹사평대로 174-11 이태원동 34-8
457,국미당,분식,서울특별시 강남구 남부순환로359길 19 도곡동 955-12
458,어메이징브루잉컴퍼니,맥주,서울특별시 성동구 성수일로4길 4 성수1가1동 27-12
459,현대본가,소고기 특수부위,서울특별시 용산구 이태원로4길 24 한강로1가 166-2
460,호왕,소고기 특수부위,서울특별시 용산구 녹사평대로54길 20 이태원2동 273-20
461,옥천집,보리밥,서울특별시 양천구 목동로2길 1 신정4동 993-3
462,하레,꼬치구이,서울특별시 서초구 서초중앙로28길 16 서초동 1697-11 1층
463,어바웃진스,바비큐,서울특별시 종로구 사직로8길 24 내수동 71 경희궁의아침 2단지
464,"나, 전복",전복,서울특별시 종로구 종로35길 21-4 효제동 225
465,지니 전복죽,전복,서울특별시 강남구 논현로106길 6 역삼동 659-11 봉산빌딩 2층
466,이미,빙수,서울특별시 마포구 동교로25길 7 동교동 201-10 1층
467,수연산방,빙수,서울특별시 성북구 성북로26길 8 성북동 248
468,한씨옥,보리굴비,서울특별시 서대문구 연희로25길 92 연희동 90-12
469,신성,보리굴비,서울특별시 종로구 무교로 42 서린동 128-1
470,영덕회식당 (시청점),물회,서울특별시 중구 무교로 32 무교동 1 효령빌딩
471,서귀포오분작뚝배기,물회,서울특별시 서초구 반포대로30길 32 서초동 1555-2
472,우나스,디저트,서울특별시 강남구 도산대로 318 논현동 92 SB타워 별관 C동 2층
473,레프레미스,디저트,서울특별시 서초구 남부순환로337길 36 서초동 1430-1
474,종점숯불갈비,돼지갈비,서울특별시 용산구 장문로 112 보광동 70-19
475,안동돼지갈비,돼지갈비,서울특별시 양천구 목동중앙북로7가길 43 목동 611-21
476,소금집델리,샌드위치,서울특별시 마포구 월드컵로19길 14 망원동 57-38
477,카사블랑카,샌드위치,서울특별시 용산구 신흥로 35 용산동2가 44-7
478,썬댄스플레이스,샌드위치,서울특별시특별시 용산구 소월로 268 이태원동 260-18
479,만두라,만두,서울특별시특별시 금천구 시흥대로 97 시흥동 984 시흥유통상가 BB 53호
480,빠오즈푸,만두,서울특별시특별시 광진구 광나루로 373 군자동 361-32
481,산골면옥,쟁반막국수,서울특별시 중구 을지로 4가 60 을지로 175-5
482,산수갑산,"순대, 순대국",서울특별시 중구 을지로20길 24 인현동1가 15-4
483,모퉁이우 ripe,한우 오마카세,서울특별시 강남구 영동대로96길 26 삼성동 169-8 9층
484,하나모코시,토리소바(닭육수라멘),서울특별시 용산구 백범로87길 50-1 원효로1가 43-3
485,대머리식당,제육볶음,서울특별시 성북구 돌곶이로 162 장위동 75-1
486,줘마양다리구이,양다리,서울특별시 영등포구 도림천로11길 13 대림동 1056-7
487,월래순교자관,"군만두, 소룡포",서울특별시 구로구 가리봉동 131-22 디지털로19길 12
488,볼라레,마리나라 피자,"서울특별시 서초구 사평대로20길 8, 반포동 107-2 성훈빌딩"
489,사랑방참숯화로구이,삼겹살,서울특별시 용산구 신흥로36길 4
490,신사시장 떡볶기,"떡볶기, 김말이, 순댓국",서울특별시 강남구 압구정로29길 72-1 신사시장 내
491,에베레스트,"팔락 퍼니르, 치킨 티카마살라",서울특별시 종로구 종로51가길 2-1
492,만선호프,"노가리, 번데기",서울특별시 중구 을지로13길 19
493,미라이,"마구로 치즈, 사바산도",서울특별시 강남구 논현로153길 24
494,홍제동 우동국수,"부추 우동, 순두부 우동, 오돌뼈",서울특별시 은평구 서오릉로 242
495,진옥화할매 원조 닭한마리,닭한마리,서울특별시 종로구 종로40가길 18
496,태극당,"모나카 아이스크림, 카스테라",서울특별시 중구 동호로24길 7
497,금산제면소,탄탄면,서울특별시 중구 소공로6길 13
498,호우시절,오마카세,서울특별시 강남구 도산대로27길 16
499,알 아지즈,케밥,서울특별시 용산구 우사단로10길 11
500,안주나라,"홍어삼합, 백합탕",서울특별시 광진구 동일로18길 23
501,어머니 대성집,"밥을 말아먹는 해장국, 육회",서울특별시 동대문구 무학로43길 44
502,고봉삼계탕,삼계탕,서울특별시 강남구 봉은사로 524 삼성동 159
503,돝고기506,숙성 삼겹살 #목살,서울특별시 강남구 역삼로17길 53 역삼동 739-13
504,송쉐프,옛날볶음밥 #짬뽕,서울특별시 강남구 도산대로1길 40 신사동 507-11
505,진주집,냉콩국수,서울특별시 영등포구 국제금융로6길 33 여의도동 36-2
506,홍미닭발,통닭발,서울특별시 강남구 강남대로 628 신사동 502-1 신사빌딩 1층
507,문타로,닭꼬치 10종세트,서울특별시 용산구 이태원로 230-1 한남동 683-124
508,굴다리식당,김치찌개 #계란말이,서울특별시 마포구 새창로 8-1 도화동 181-45
509,뉴만두집,만두전골 #만둣굿,서울특별시 강남구 압구정로 338 신사동 661-1
510,동해대구탕,대구탕,서울특별시 영등포구 여의나루로 57 여의도동 25-12 신송센터 빌딩 지하1층
511,이두부야,서리태콩물,서울특별시 은평구 연서로 257 1층 불광동 314-34
512,역전회관,바싹불고기,서울특별시 마포구 토정로37길 47 염리동 173-21
513,진대감,차돌박이 #차돌삼합,서울특별시 마포구 마포대로12길 54-2 공덕동 249-61
514,영천영화,욱회비빔밥 #한우갈비살,서울특별시 강남구 도산대로90길 3 청담동 50-13 상민빌딩
515,앞마당,바지락칼국수 #부추전,서울특별시 마포구 성지길 30 합정동 375-5
516,서울 만남의 광장,말죽거리소고기국밥,서울특별시 서초구 양재대로12길 73-71 만남의광장 원지동 10-16
517,마로화적,양념 소갈비 #돼지본스테이크,서울특별시 종로구 성균관로16길 5 명륜1가 31-7
518,연타발,특양구이 #한우 대창구이,서울특별시 강남구 도산대로 231 신사동 629-32
519,국민한우 민소,한우모듬세트,서울특별시 영등포구 국제금융로2길 37 여의도동 26 에스트레뉴 지하1층
520,돌곰네,문어비빔밥,서울특별시 강남구 언주로146길 18 논현동 105 동현아파트 6동
521,소이연남,씀땀 #소고기국수,서울특별시 용산구 한남대로20길 47-10 한남동 31-5 리플레이스 한남 C동 2층
522,밥한끼,토마토치즈제육덮밥,서울특별시 용산구 독서당로 65-3 한남동 72-17
523,선학쭈꾸미,쭈꾸미정식,서울특별시 강남구 도산대로 514 청담동 49-8
524,짱곱창,야채곱창,서울특별시 강북구 솔매로 117-1 미아동 211-7
525,다오래골뱅이,스페셜 골뱅이 #치킨+골뱅이,서울특별시 양천구 목동동로10길 16-5 신정동 134-25 태우빌딩
526,신송한식,대구탕,서울특별시 영등포구 여의나루로 67 여의도동 25-6 신송빌딩
527,원조기사님분식,즉석우동 #짜장면,서울특별시 마포구 대흥동 139-6
528,진미식당,간장게장정식,서울특별시 마포구 마포대로 186-6 공덕동 105-127 선화의원
529,뒤푸리,대구탕,서울특별시 영등포구 은행로 29 여의도동 13-25 정우빌딩
530,소바야청담,메밀국수,서울특별시 용산구 이촌로 303 이촌동 301-160 현대맨숀
531,바나나그릴,클래식버거,서울특별시 용산구 독서당로 67 한남동 261-6
532,현대기사식당,북어찜,서울특별시 강남구 논현로85길 5-4 역삼동 738-5
533,트리아농,마닐라 망고 #코코화이트,서울특별시 강남구 학동로59길 43 청담동 26-5
534,하회마을,닭매운탕,서울특별시 마포구 어울마당로 122-1 서교동 346-42 지하1층
535,한남동 한방통닭,한방통닭,서울특별시 용산구 대사관로34길 38 한남동 618-6
536,종로진낙지,산낙지 철판볶음,서울특별시 종로구 수표로 122 낙원동 139
537,곱,한우황소 곱창 #모듬구이,서울특별시 마포구 도화길 31-1 도화동 179-11
538,유니크디저트,유니크마카롱,서울특별시 마포구 와우산로 159 서교동 326-10 1층
539,밥해주는남자,차돌떡볶이 #통오징어떡볶이,서울특별시 마포구 성미산로 152 연남동 239-48
540,이태리총각,비프 까르파치오,서울특별시 종로구 자하문로9길 11 통인동 137-7
541,오통영,메셍이굴국밥,서울특별시 용산구 이촌동 300-3 렉스상가 12-2
542,부자피자 1호점,부자 클라시카 피자,서울특별시 용산구 이태원로55가길 28 한남동 743-33 1층 부자피자
543,토속촌삼계탕,토속촌삼계탕,서울특별시 종로구 자하문로5길 5 체부동 85-1 토속촌
544,마녀김밥,미녀김밥,서울특별시 강남구 압구정로79길 32 청담동 124-11
545,속초코다리냉면,코다리냉면,서울특별시 강남구 압구정로 343 압구정동 494 갤러리아백화점명품관WEST B1
546,브루클린 더버거 조인트,브루클린웍스,서울특별시 강남구 봉은사로84길 10 삼성동 146-23
547,세미계,닭목살,"서울특별시 용산구 대사관로 34, 한남동 653-95"
548,돈까스잔치,잔치국수 #비빔국수,서울특별시 용산구 서빙고로 297 동빙고동94
549,남도분식,빨콩떡볶이 #상추튀김,서울특별시 종로구 옥인길 33 누상동 52-2
550,사대부집 곳간,마떡갈비 구이 반상,"서울특별시 영등포구 여의대로 24 여의도동 28-1 전경련회관 50, 51F"
551,동빙고,팥빙수,서울특별시 용산구 이촌로 319 이촌동 301-162 현대아파트
552,플로이,세트타르틴,서울특별시 종로구 필운대로 17 필운동 90-1
553,더루시파이키친,초콜렛 머드파이,서울특별시 용산구 이촌로 182 이촌동 302-68 풍원상가 1F
554,아우어베이커리,플랫화이트,서울특별시 강남구 도산대로 45길 10-11 신사동 648-15 JYC2빌딩
555,코끼리만두,김치만두,서울특별시 강서구 공항대로51길 27 등촌동 654-78
556,오모리찌개,오모리찌개 #옛날 손짜장,서울특별시 송파구 송파대로 471 석촌동 183-3
557,진도리 닭도리탕,오리지날 진도리,서울특별시 강남구 강남대로122길 15 논현동 163-17 상당빌딩
558,창화당,모둠만두 #떡볶이,서울특별시 종로구 수표로28길 23 익선동 174 1층
559,숙자네,대구탕 #황태북어국,서울특별시 영등포구 국제금융로 6길 33 여의도동 36-2 여의도백화점 지하 1층
560,이문 설농탕,설렁탕,서울특별시 종로구 견지동 88
561,형제 추어탕,추어탕,서울특별시 종로구 평창동 281-1
562,용금옥,추탕,서울특별시 중구 다동 165-1
563,은호식당,꼬리토막,서울특별시 중구 남창동 50-43
564,곰보추탕,추탕,서울특별시 동대문구 용신동 767-6
565,잼배옥,설렁탕,서울특별시 중구 서소문동 64-4
566,청진옥,해장국,서울특별시 종로구 종로1가 24
567,하동관,곰탕,서울특별시 중구 명동1가 10-4
568,한일관(서울특별시),"불고기, 냉면",서울특별시 강남구 신사동 619-4
569,옥천옥,설렁탕,서울특별시 동대문구 신설동 94-57
570,우래옥,평양냉면,서울특별시 중구 주교동 118-1
571,부여집,꼬리곰탕,서울특별시 영등포구 당산동 2가 162-13
572,강서면옥,평양냉면,서울특별시 중구 서소문동 120-15
573,옥돌집,불고기,서울특별시 성북구 길음동 1065
574,명동 할매낙지,낙지백반,서울특별시 중구 명동 2가 31-7
575,진주집,꼬리곰탕,서울특별시 중구 남창동 34-31
576,문화옥,설렁탕,서울특별시 중구 주교동 118-3
577,연남서식당,소갈비,서울특별시 마포구 노고산동 109-69
578,마포 진짜원조 최대포,돼지갈비,서울특별시 마포구 공덕동 255-5
579,열차집,빈대떡,서울특별시 종로구 공평동 130-1
580,삼거리 먼지막 순대국,순대국,서울특별시 영등포구 대림1동 963-9
581,오장동 함흥냉면,냉면,서울특별시 중구 오장동 90-10
582,태조 감자국,감자국,서울특별시 성북구 동소문동 5가 73-2
583,전주 중앙회관,곱돌비빕밥,서울특별시 중구 충무로1가 24-11
584,고려삼계탕,삼계탕,서울특별시 중구 서소문동 55-3
585,함흥 곰보냉면,냉면,서울특별시 종로구 인의동 112-14 세운스퀘어 401호
586,역전회관,바싹불고기,서울특별시 마포구 염리동 173-21
587,진주회관,콩국수,서울특별시 중구 서소문동 120-35
588,하동관,곰탕,서울특별시 중구 명동9길 12
589,참누렁소가든,소고기,서울특별시 노원구 공릉로63길 13
590,사직분식,청국장,서울특별시 중구 소공로 100
591,소양강 민물매운탕,,서울특별시 성북구 오패산로 16
592,순라길,"홍어, 삼합",서울특별시 종로구 서순라길 141
593,황우양곱창,곱창,서울특별시 강남구 언주로98길 5
594,평안도족발집,족발,서울특별시 중구 장충단로 174-6
595,사리원,"불고기, 국수전골",서울특별시 서초구 서운로 136
596,팔선,중식,서울특별시 중구 동호로 249
597,한옥집 서대문 본점,김치찜,서울특별시 서대문구 통일로9안길 14
598,벽제갈비 방이본점,소갈비,서울특별시 송파구 양재대로71길 1-4
599,방아다리감자국,뼈다귀해장국,서울특별시 종로구 종로39길 50
600,우래옥,냉면,서울특별시 중구 창경궁로 62-29
601,설로인,한우오마카세,서울특별시 강남구 삼성동 48-4
602,대흥뚝배기,제육볶음,서울특별시 서대문구 대현동 56-33
603,이필당,보쌈,서울특별시 영등포구 양평동 4가 77-3
604,채근담,비건한정식,서울특별시 강남구 대치동 983
605,건대통골뱅이,골뱅이탕,서울특별시 강남구 논현동 143-26
606,농실가,갈비탕,서울특별시 강서구 등촌동 674-2
607,청담골,백반,서울특별시 강남구 청담동 19-17
608,원대구탕,대구탕,서울특별시 용산구 한강로1가 142-4
609,다락정,만두전골,서울특별시 종로구 삼청동 127-4
610,경원집족발,족발,서울특별시 종로구 적선동 27
611,용금옥,추탕,서울특별시 중구 다동 165-1
612,한옥집,김치찌개,서울특별시 서대문구 냉천동 178
613,목포산꽃게,꽃게백숙,서울특별시 성동구 마장동 767-41
614,무등산,육회비빔밥,서울특별시 강남구 청담동 1-15
615,아소정,갈비찜,서울특별시 마포구 염리동 149-9
616,송죽장,짬뽕,서울특별시 영등포구 영등포동 4가 55
617,나폴레옹제과점,"사라다빵, 크로아상",서울특별시 성북구 성북동 1가 35-5
618,철길왕갈비살,양념소갈비살,서울특별시 마포구 창전동 4-2
619,백년옥,순두부,서울특별시 서초구 서초3동 1450-6
620,순라길,홍어삼합,서울특별시 종로구 권농동 148
621,전주중앙회관,돌솥비빔밥,서울특별시 중구 충무로1가 24-11
622,미진,메밀,서울특별시 종로구 종로1가 24 르메이에르종로타운 1층 청진동 146
623,한일관,불고기,서울특별시 강남구 신사동 619-4
624,가나안,떡볶이,서울특별시 송파구 송파동 195-1
625,등촌최월선칼국수,버섯매운탕,서울특별시 강서구 등촌동 654-95
626,동경전통육개장,육개장,서울특별시 강남구 역삼1동 647-7
627,우정낙지,낙지볶음,서울특별시 종로구 서린동 127
628,이문설농탕,설렁탕,서울특별시 종로구 견지동 88
629,맛자랑,콩국수,서울특별시 강남구 대치동 987-7
630,버섯잔치집,버섯전골,서울특별시 강동구 성내동 549-4
631,팔팔민물장어,장어구이,서울특별시 서초구 반포동 745
632,김복순큰남비집,김치찌개,서울특별시 강남구 신사동 522
633,대우식당,부대찌개,서울특별시 강남구 역삼동 641-18
634,청송함흥냉면,냉면,서울특별시 서대문구 연희동 193-6
635,알리바바,이집트음식,서울특별시 용산구 이태원동 124-9
636,봉산옥,만둣국,서울특별시 서초구 서초3동 1451-9
637,김앤김대게전문점,랍스터,서울특별시 마포구 서교동 372-1 3층
638,매화반점 1호점,"양꼬치, 꿔바로우",서울특별시 광진구 자양 4동 5-11
639,영광굴비식당,굴비구이,서울특별시 서초구 서초동 1572-14
640,황평집,닭곰탕,서울특별시 중구 인현동 2가 135-13
641,광주식당,청국장,서울특별시 동대문구 청량리동 773
642,광주식당,청국장,서울특별시 동대문구 청량리동 773
643,강남목장,한우특수부위,서울특별시 강남구 역삼동 725-25
644,강남목장,한우,서울특별시 강남구 역삼동 725-25
645,채선당,삼계샤부샤부,서울특별시 노원구 상계동 1267 토마토파르코빌딩 225-230
646,참숯꼼장어,등갈비구이,서울특별시 중구 신당동 142-3
647,사람사는 고깃집 김일도,숙성돼지고기,서울특별시 강남구 논현동 183-8
648,닭한마리,닭한마리,서울특별시 영등포구 영등포동 3가 12-18
649,방화동쭈꾸미마을,쭈꾸미,서울특별시 강서구 방화동 451-8
650,은성보쌈,보쌈김치,서울특별시 성동구 금호동3가 375 독서당로 297-6
651,김영자나주곰탕,나주곰탕,서울특별시 관악구 서림동 110-6
652,뿌자2,인도커리,서울특별시 중구 을지로 6가 18-71
653,대림동삼거리 먼지막순대국,순대국,서울특별시 영등포구 대림동 963-9
654,미스터케밥,케밥,서울특별시 용산구 이태원 1동 127-2
655,주은감자탕,감자탕,서울특별시 송파구 삼전동 132-14
656,전주식당,생선구이,서울특별시 종로구 관수동 43-2
657,청어람,곱창전골,서울특별시 마포구 망원동 482-3
658,시추안하우스,사천요리,서울특별시 강남구 삼성동 154-11
659,하롱베이의 하루,쌀국수,서울특별시 영등포구 여의도동 17
660,페리카나,치킨,서울특별시 관악구 봉천동 914-3
661,오비야,냉소바,서울특별시 마포구 서교동 346-16
662,돌곰네,문어,서울특별시 강남구 논현동 105 동현아파트 상가 지하
663,분짜라붐,"하노이 쌀국수, 하노이 직화분짜",서울특별시 서초구 서초동 1307
664,여자만,꼬막,서울특별시 종로구 관훈동 88
665,야바이,오코도미야키,서울특별시 서대문구 창천동 52-20
666,마더스오피스,수제버거,서울특별시 용산구 이태원동 580 2층
667,항아리홍어,민어,서울특별시 은평구 불광동 281-159
668,호남식당,갈치조림,서울특별시 중구 남창동 34-53
669,개미집,낙곱새,서울특별시 광진구 화양동 508-2
670,정돈프리미엄,"로스, 히레",서울특별시 강남구 신사동 519-4
671,꼴더덕꼴더덕,더덕,서울특별시 서초구 서초동 1459-6
672,도토리편백집,편백찜,서울특별시 송파구 문정동 641-4 116호
673,억조,복어,서울특별시 종로구 효제동 226-1
674,오근내닭갈비,닭갈비,서울특별시 용산구 한강로 3가 40-90
675,광주똑손이아구찜,아귀찜,서울특별시 강서구 마곡동 722-3
676,장하촌,짜장면,서울특별시 강서구 가양동 238-7
677,아카라,로바다야끼,서울특별시 강남구 논현동 272-31
678,부흥동태,동태찌개,서울특별시 영등포구 여의도동 36-4
679,강수돌곱창,소곱창,서울특별시 마포구 서교동 358-136
680,한강껍데기,돼지껍데기,서울특별시 마포구 망원동 416-33
681,오복가정식,백반,서울특별시 마포구 상암동 12-79
682,북촌공장,크로켓,서울특별시 종로구 관훈동 6
683,통영집,도다리쑥국,서울특별시 강남구 역삼동 696-31
684,도셰프,화덕피자,서울특별시 서초구 반포동 707-8
685,오대산산채식당,비빔밥,서울특별시 서초구 양재동 2-13
686,하나우동,철판볶음밥,서울특별시 서초구 서초동 1327-35
687,쉬림프팩토리,"쉬팩플래터, 스테이크",서울특별시 강남구 신사동 655-8
688,유림,닭볶음탕,서울특별시 강서구 염창동 5-17 유림보신원
689,목포세발낙지,낙지,서울특별시 은평구 불광 1동 281-162
690,자연석돌구이,대패삼겹살,서울특별시 강남구 논현동 97-18
691,우작설렁탕,설렁탕,서울특별시 서초구 서초동 1621-5 지하 1층
692,소문난,잔치국수,서울특별시 노원구 공릉동 571-16
693,오후청,샤브샤브,서울특별시 중구 북창동 104
694,와글와글족발,족발,서울특별시 종로구 창신동 573-1
695,송원마포돼지갈비,양념돼지갈비,서울특별시 영등포구 문래동 4가 8-18
696,볏짚구이이야기,곰장어,서울특별시 관악구 행운동 1666-2
697,용마루굴다리껍데기,"돼지갈비, 돼지꼬리",서울특별시 마포구 공덕동 22-13
698,꽃새우영번지,새우,서울특별시 강남구 역삼동 689-6
699,뉴욕엔와이,스테이크,서울특별시 마포구 서교동 358-118
700,대가향,탕수육,서울특별시 서초구 서초동 1689-5
701,가람떡갈비,떡갈비,서울특별시 용산구 한강로3가 40-441
702,팔팔해물탕,해물탕,서울특별시 동작구 신대방동 375-21
703,전주전집,전,서울특별시 영등포구 영등포동 3가 4-7
704,나정순할매쭈꾸미,쭈꾸미볶음,서울특별시 동대문구 용신동 119-20
705,땅끝마을매생이굴국밥,매생이국밥,서울특별시 용산구 원효로 2가 80-18
706,탕,김치찌개,서울특별시 송파구 잠실동 207-19
707,미소복원조양평해장국,양평해장국,서울특별시 은평구 갈현동 460-18
708,사거리짬뽕집,짬뽕,서울특별시 도봉구 방학동 677-20
709,대갈곱창&막창,돼지막창구이,서울특별시 송파구 송파동 39-9
710,부여집,도가니요리,서울특별시 영등포구 당산동 2가 162-13
711,포브라더스,"안심 쌀국수, 월남쌈",서울특별시 강남구 도곡동 424-5
712,봉천동진순자김밥,계란말이김밥,서울특별시 관악구 봉천동 894-2
713,샤이바나,미국가정식,서울특별시 중구 무교동 87
714,고향양꼬치,양고기,서울특별시 광진구 자양동 5-12
715,팔팔전복,전복,서울특별시 마포구 도화동 181-5
716,장모님해장국,선지해장국,서울특별시 종로구 구기동 253-1
717,박달재자연식당,흑염소,서울특별시 서초구 양재동 353-4
718,리치몬드과자점,"슈크림, 바토시트롱",서울특별시 마포구 성산동 114-5
719,해피홈레스토랑,나이지리아요리,서울특별시 용산구 이태원동 64-15
720,만복기사식당,고등어조림,서울특별시 마포구 망원동 455-1
721,유정집,차돌박이,서울특별시 중랑구 신내동 644
722,인디테이블,영국식 인도요리,서울특별시 중구 남대문로 5가 526
723,혜화양육관,양꼬치,서울특별시 종로구 명륜4가 36-1
724,봉족발,이색족발,서울특별시 강남구 도곡동 954-12
725,강촌원조쭈꾸미,쭈꾸미삼겹살,서울특별시 서초구 양재동 13-9
726,소백산,소갈비탕,서울특별시 서초구 양재동 346
727,디안다만,팟타이,서울특별시 서초구 양재동 1-26
728,코리아노스키친,멕시코타코,서울특별시 용산구 이태원동 457-3
729,BBQ치킨,황금 올리브유치킨,서울특별시 관악구 신림동 산56-1 서울특별시대학교 글로벌공학교육센터
730,미드가르드,스테이크,서울특별시 강남구 신사동 561-11 4층
731,종로진낙지,철판낚지볶음,서울특별시 종로구 낙원동 139
732,황소곱창,소곱창,서울특별시 광진구 화양동 9-24
733,조선김밥,조선김밥,서울특별시 종로구 소격동 159
734,매화반점,깐쇼새우,서울특별시 광진구 자양동 5-11
735,까시,삼치구이,서울특별시 강동구 길동 414-3
736,우동카덴,우동,서울특별시 마포구 서교동 391-5
737,진대감,차돌삼합,서울특별시 강남구 대치동 895-11
738,바오차이,딤섬,서울특별시 중구 을지로 2가 148-28 지하 1층
739,정인면옥,평양냉면,서울특별시 영등포구 여의도동 13-1
740,펭귄마카롱,마카롱아이스크림,서울특별시 종로구 관훈동 18-1
741,황금복국,복국,서울특별시 서초구 서초동 1327-1
742,어메이징타일랜드,쌀국수,서울특별시 마포구 서교동 375-37
743,바다회사랑,대방어회,서울특별시 마포구 서교동 352-1
744,전주뜰콩나물국밥,콩나물국밥,서울특별시 강서구 공항동 672-10
745,속초생선찜,속초식생선찜,서울특별시 은평구 갈현동 431-1
746,로코스비비큐,바베큐,서울특별시 용산구 이태원동 2-5
747,The450,함박스테이크,서울특별시 마포구 상수동 90-2
748,땡초닭발,닭발,서울특별시 강북구 수유동 178-28 1층
749,청청,골뱅이,서울특별시 강남구 신사동 588-12
750,텐마루,창코나베,서울특별시 금천구 가산동 143-44 2층
751,만정,소고기,서울특별시 종로구 삼청동 28-19
752,숲속도토리마을,도토리정식,서울특별시 양천구 신정동 1157-21
753,트로이카,"오소브이, 보르쉬",서울특별시 용산구 이태원동 72-32 5층
754,고요남,소갈비찜,서울특별시 강남구 논현동 164-14
755,꾸띠자르당,프랑스요리,서울특별시 용산구 이태원동 131-23
756,쌀롱드누이,핫팟,서울특별시 용산구 이태원동 57-24
757,삼국지,훠궈,서울특별시 마포구 연남동 259-4 2층
758,계탄집,닭숯불구이,서울특별시 광진구 자양동 553-264
759,텍사스데브라질,슈하스코,서울특별시 서초구 반포동 118-3
760,두툼,삼겹살,서울특별시 중구 중림동 200
761,징기스,양고기,서울특별시 마포구 서교동 407-4
762,성화생라멘,라멘,서울특별시 성동구 도선동 15
763,웰빙김치찜,돼지고기김치찜,서울특별시 마포구 공덕동 256-5
764,호인족발,불족발,서울특별시 송파구 가락동 175-7
765,담뿍화로된장찌개,된장찌개,서울특별시 서초구 서초동 1330-7
766,정통우거지탕,LA갈비,서울특별시 용산구 원효로 2가 96-10
767,바른면집,파스타,서울특별시 광진구 화양동 12-33
768,살몬마켓,연어,서울특별시 관악구 봉천동 972-37
769,군자네,고등어김치찜,서울특별시 마포구 대흥동 337-62
770,드럼통떡볶이,퓨전분식,서울특별시 강동구 길동 412-8
771,청담정스시,회전초밥,서울특별시 강남구 청담동 122-30
772,청담정스시,초밥,서울특별시 강남구 청담동 122-30
773,초량돼지,돼지껍데기,서울특별시 강남구 대치동 996-14
774,시오,삼색야끼도리,서울특별시 서대문구 연희동 190-4
775,원조남산왕돈까스,왕돈가스,서울특별시 중구 예장동 8-53
776,하오,북경오리,서울특별시 강남구 대치동 895 4층
777,새우상회,양념새우,서울특별시 강남구 역삼동 820-2 2층
778,안동참찜닭,찜닭,서울특별시 광진구 자양동 1-17
779,아따맵소,고추장찌개,서울특별시 서초구 서초동 1510-3
780,라화쿵부,마라샹궈,서울특별시 서대문구 창천동 52-6
781,미타우동,우동,서울특별시 송파구 삼전동 3-1
782,핍스에비뉴,브런치,서울특별시 용산구 이태원동 112-2
783,훈남닭발,국물닭발,서울특별시 마포구 서교동 363-24
784,마복림떡뽁이,즉석떡볶이,서울특별시 중구 신당동 292-112
785,사당삼겹살,냉동삼겹살,서울특별시 관악구 남현동 1061-13
786,개화옥등심,한우 불고기 세트,서울특별시 강남구 신사동 574-5
787,서경도락,직화소불고기,서울특별시 강남구 논현동 60
788,이모네폭탄밥,폭탄밥,서울특별시 동작구 노량진동 148-91
789,길거리쌀국수,쌀국수,서울특별시 동작구 노량진동 148-87 2구간
790,마음과마음,오므라이스,서울특별시 용산구 이태원동 557
791,도마,흑돼지샤부샤부,서울특별시 종루구 관훈동 15-1
792,메이탄,양장피,서울특별시 종로구 교남동 50-1
793,만석쌈밥,두부요리,서울특별시 은평구 진관동 278-32
794,그릭슈바인,슈바인학센,서울특별시 강남구 논현동 17
795,먹깨비해물아구찜,꽃게범벅,서울특별시 동대문구 장안동 345-1
796,뉴문한우육회,육회,서울특별시 강남구 논현동 143-2
797,새마을식당,불고기,서울특별시 강남구 논현동 164-12
798,미인삼계탕,삼계탕,서울특별시 강남구 삼성동 159 코엑스 지하2층
799,스시마리,스시오마카세,서울특별시 강남구 신사동 652-11
800,현대북어찜황태전골,북어탕,서울특별시 강남구 역삼동 738-11
801,하노이안,쌀국수,서울특별시 마포구 서교동 408-18
802,면면,라면,서울특별시 서대문구 북가좌동 343-1 2층
803,양재동첫번째찜,조개찜,서울특별시 서초구 양재동 351-8
804,대관령황태마을,황태,서울특별시 은평구 역촌동 70-34
805,뱀부하우스,소고기구이,서울특별시 강남구 역삼동 658-10
806,성우서서갈비,한우 소갈비,서울특별시 마포구 용강동 45-21
807,필경재,한정식,서울특별시 강남구 수서동 739-1
808,프로간장게장,게장,서울특별시 서초구 잠원동 27-1
809,곰바위,곱창,서울특별시 강남구 삼성1동 76-10
810,그란구스또,이탈리아식,서울특별시 강남구 대치동 962-11
811,삼청각한식당,한정식,서울특별시 성북구 성북동 330-115
812,보나세라,이탈리아식,서울특별시 강남구 신사동 650-1
813,비원떡집,떡,서울특별시 종로구 수송동 25-2
814,워킹온더클라우드,유럽식,서울특별시 영등포구 여의도동 60
815,팔레드고몽,프랑스식,서울특별시 강남구 청담동 118-10
816,버드나무집,소고기구이,서울특별시 서초구 서초동 1340-5
817,나폴레옹,베이커리,서울특별시 성북구 성북동1가 35-5
818,주빈커피,커피전문점 #커피 #카페,서울특별시 영등포구 여의도동 36
819,카페뎀셀브즈,디저트,서울특별시 종로구 관철동 5-8
820,을지면옥,냉면,서울특별시 중구 입정동 161
821,라미띠에,프랑스식,서울특별시 강남구 신사동 628-16
822,원강,소고기구이,서울특별시 강남구 논현동 122-18
823,백리향,일반중식,서울특별시 영등포구 여의도동 60
824,하카다분코,라멘,서울특별시 마포구 상수동 93-28
825,테이블34,프랑스식,서울특별시 강남구 삼성동 159-8
826,순라길,홍어,서울특별시 종로구 권농동 148
827,싱카이,일반중식,서울특별시 중구 태평로1가 84
828,필동면옥,냉면,서울특별시 중구 필동3가 1-5
829,봉래헌,한정식,서울특별시 강서구 외발산동 426
830,슈치쿠,일식,서울특별시 영등포구 여의도동 60
831,미피아체,이탈리아식,서울특별시 강남구 청담동 97-22
832,석파랑,한정식,서울특별시 종로구 홍지동 125
833,하동관,곰탕,서울특별시 중구 명동1가 10-4
834,스시효,일식,서울특별시 강남구 청담동 21-16
835,명동돈가스,돈까스,서울특별시 중구 명동1가 59-13
836,대도식당,소고기구이,서울특별시 성동구 홍익동 431
837,한일관,일반한식,서울특별시 강남구 신사동 619-4
838,두레,한정식,서울특별시 종로구 인사동 8-7
839,마포옥,설렁탕,서울특별시 마포구 용강동 50-13
840,평양면옥(논현점),냉면,서울특별시 강남구 논현동 66-2
841,해남천일관,한정식,서울특별시 강남구 역삼동 636-13
842,콘티넨탈,프랑스식,서울특별시 중구 장충동2가 202
843,라세느,뷔페,서울특별시 중구 소공동 1
844,한국의집,한정식,서울특별시 중구 필동2가 80-2
845,팔선,일반중식,서울특별시 중구 장충동2가 202동호로 249
846,무라사키,가이세키,서울특별시 중구 태평로2가 23
847,무궁화,한정식,서울특별시 중구 소공동 1
848,아리아께,일식,서울특별시 중구 장충동2가
849,금룡,광동식중식,서울특별시 광진구 광장동 산21
850,명월관,소갈비,서울특별시 광진구 광장동 21
851,모모야마,일식,서울특별시 중구 소공동 1
852,삼원가든,소갈비,서울특별시 강남구 신사동 623-5
853,남포면옥(논현점),이북음식,서울특별시 강남구 논현동 89-10
854,소호정,칼국수,서울특별시 서초구 양재2동 392-11
855,평안도만두집,만두,서울특별시 종로구 내수동 167
856,뉴만두집,만둣국 #만두국 #만두,서울특별시 강남구 신사동 661-1
857,카카오봄,초콜릿,서울특별시 마포구 서교동 337-16
858,서북면옥,냉면,서울특별시 광진구 구의동 80-47
859,라싸브어,프랑스식,서울특별시 서초구 반포동 90-10
860,비스테까,이탈리아식,서울특별시 용산구 이태원2동 211-33
861,벽제갈비,소갈비,서울특별시 송파구 방이동 205-8
862,리스토란테 에오,이탈리아식,서울특별시 강남구 청담동 96-22
863,우래옥(대치점),냉면,서울특별시 강남구 대치동 983-13
864,양미옥,양곱창,서울특별시 중구 을지로3가 161
865,산하,만둣국,서울특별시 영등포구 여의도동 44-14
866,몰타참치,참치,서울특별시 강남구 대치동 891-46
867,명륜손칼국수,칼국수,서울특별시 종로구 명륜1가 31-23
868,미카야,케이크,서울특별시 마포구 서교동 446-59
869,봉피양 방이점,돼지갈비,서울특별시 송파구 방이동 205-8
870,목란,일반중식,서울특별시 서대문구 연희동 132-28
871,외고집설렁탕,설렁탕,서울특별시 강남구 대치4동 923-22
872,쟈니덤플링,중국만두,서울특별시 용산구 이태원동 130-3
873,김영모과자점(도곡점),베이커리,서울특별시 강남구 도곡동 467-19
874,뚜또베네,이탈리아식,서울특별시 강남구 청담동 118-9
875,투스카니,이탈리아식,서울특별시 중구 태평로2가 23
876,지화자,한정식,서울특별시 종로구 청운동 48
877,오월의종,베이커리,서울특별시 용산구 한남동 737-2
878,역전회관,소불고기,서울특별시 마포구 염리동 173-21
879,품 서울,모던한식,서울특별시 용산구 후암동 358-17
880,와라쿠,일식꼬치,서울특별시 강남구 신사동 525-16
881,르쁘띠푸,디저트카페,서울특별시 마포구 상수동 86-37
882,더파크뷰,뷔페,서울특별시 중구 장충동2가 202
883,커피투어,커피전문점 #카페 #커피,서울특별시 종로구 내수동 110-34
884,시추안하우스,사천식중식,서울특별시 강남구 삼성동 154-11
885,비스트로드욘트빌,프랑스식,서울특별시 강남구 청담동 83-6
886,엘본 더테이블,이탈리아식,서울특별시 강남구 신사동 530-5
887,정식당,뉴코리안,서울특별시 강남구 청담동 83-24
888,가온,모던한식,서울특별시 강남구 신사동 651-27
889,레스쁘아뒤이부,프랑스식,서울특별시 강남구 청담동 90-20
890,메종드조에,베이커리,서울특별시 강남구 청담동 50-7
891,발우공양,사찰요리,서울특별시 종로구 견지동 71
892,루이,중식,서울특별시 중구 태평로1가 61-21
893,대성집,도가니탕,서울특별시 종로구 행촌동 209-36
894,루이쌍끄,프렌치펍,서울특별시 강남구 신사동 657
895,오뗄두스,베이커리,서울특별시 서초구 반포동 93-5
896,듀자미,디저트카페,서울특별시 강남구 신사동 535-9
897,파올로데마리아,이탈리아식,서울특별시 용산구 한남동 657-115
898,합,떡,서울특별시 강남구 청담동 93-3
899,도원,일반중식,서울특별시 중구 태평로2가 23
900,평양면옥,냉면,서울특별시 중구 장충동1가 26-14
901,오젠,일식,서울특별시 강남구 삼성동 114-40
902,피에르가니에르서울,프랑스식,서울특별시 중구 소공동 1
903,수마린,프랑스식,서울특별시 용산구 한남동 31-3
904,파이브익스트랙츠,커피전문점 #커피 #카페,서울특별시 용산구 한남동 736-10
905,스시만,스시,서울특별시 서초구 방배동 1-3
906,도림,일반중식,서울특별시 중구 소공동 1
907,투뿔등심,소고기구이,서울특별시 강남구 논현동 96-14
908,늘푸른정육식당,소고기구이,서울특별시 강남구 논현동 145-14
909,스시조,일식,서울특별시 중구 소공동 87
910,참나무숯불에닭이만나는순간(희래),닭갈비,서울특별시 서초구 양재동 368
911,카사델비노,와인바,서울특별시 강남구 청담동 141-13
912,삐아프,초콜릿,서울특별시 강남구 신사동 523-31
913,엘카페,커피전문점 #커피 #카페,서울특별시 영등포구 양평동5가 2-1
914,테일러커피,커피전문점 #커피 #카페,서울특별시 마포구 서교동 329-15
915,평래옥,초계탕,서울특별시 중구 저동2가 18-1
916,스시타츠,스시,서울특별시 강남구 논현동 8-6
917,보헤미안,커피전문점 #커피 #카페,서울특별시 성북구 안암동5가 15-85
918,진미식당,게장,서울특별시 마포구 공덕동 105-127
919,수정궁,일반중식,서울특별시 도봉구 방학3동 669-3
920,갯바위,생태,서울특별시 관악구 봉천동 876-19
921,성민양꼬치,양꼬치,서울특별시 관악구 봉천동 1602-37
922,스시초희,일식,서울특별시 강남구 신사동 650-6
923,스위츠플래닛,케이크,서울특별시 강남구 논현동 118-1
924,구스테이크528,스테이크,서울특별시 강남구 신사동 528-3
925,기꾸,스시,서울특별시 용산구 이촌동 301-160
926,송강,장어,서울특별시 서초구 방배3동 1002-1
927,슈밍화미코,퓨전일식,서울특별시 강남구 청담동 122-7
928,랩트웬티포,프랑스식,서울특별시 강남구 청담동 89-5
929,커피템플,커피전문점 #커피 #카페,서울특별시 마포구 상암동 1605
930,스파카나폴리,피자,서울특별시 마포구 합정동 413-2
931,마루심,일식장어,서울특별시 서초구 반포동 54-10
932,펠앤콜,아이스크림,서울특별시 마포구 상수동 310-11
933,따뚱,북경오리,서울특별시 서초구 잠원동 6-1
934,류니끄,프랑스식,서울특별시 강남구 신사동 520-1
935,테이블포포,이탈리아식,서울특별시 서초구 반포4동 110-1
936,그린테이블,프랑스식,서울특별시 서초구 방배동 797-9
937,나인스게이트그릴,프랑스식,서울특별시 중구 소공동 87
938,패스트리부띠끄,베이커리,서울특별시 중구 장충동2가 202
939,서궁,일반중식,서울특별시 서초구 반포4동 63-1
940,홍연,중식,서울특별시 중구 소공동 87
941,뀌쏭82,프랑스식,서울특별시 강남구 도곡2동 453-16
942,툭툭누들타이,타이식,서울특별시 마포구 연남동 223-15
943,J.S.가든,일반중식,서울특별시 강남구 논현동 92
944,이치에,일식주점,서울특별시 강남구 신사동 656-7
945,파로그랜드,일반중식,서울특별시 중구 수하동 67
946,커피리브레,커피전문점 #커피 #카페,서울특별시 마포구 연남동 227-15
947,젤라띠젤라띠,아이스크림,서울특별시 마포구 서교동 407-8
948,파씨오네,프랑스식,서울특별시 강남구 신사동 646-23
949,비채나,모던한식,서울특별시 용산구 한남동 740-1
950,이요이요스시,스시,서울특별시 마포구 공덕동 469
951,그릴데미그라스,경양식,서울특별시 종로구 팔판동 128
952,청키면가(무교점),완탕,서울특별시 중구 다동 58-1
953,스시선수,스시,서울특별시 강남구 신사동 651-16
954,파이브브루잉커피,커피전문점 #커피 #카페,서울특별시 마포구 서교동 405-10
955,커피몽타주,커피전문점 #커피 #카페,서울특별시 강동구 성내동 555-5
956,라몽떼,베이커리,서울특별시 광진구 자양동 553-45
957,톡톡,이탈리아식,서울특별시 강남구 신사동 656-6
958,갓포아키,갓포요리,서울특별시 강남구 신사동 647-2
959,퍼블리크,베이커리,서울특별시 마포구 상수동 311-1
960,홀드미커피,커피전문점 #커피 #카페,서울특별시 종로구 도렴동 60
961,소나,디저트,서울특별시 강남구 신사동 520-1
962,헬카페 로스터즈,커피전문점,서울특별시 용산구 보광동 238-43
963,줄리에뜨,디저트,서울특별시 서초구 반포동 577-41
964,쇼쿠,스시,서울특별시 강남구 청담동 12-1
965,수엔190,일반중식,서울특별시 중구 필동1가 30-1
966,두가헌,유럽식,서울특별시 종로구 사간동 109
967,나무사이로,커피전문점,서울특별시 종로구 내자동 196
968,그린마일커피,커피전문점,서울특별시 강남구 논현2동 242-40
969,로리스더프라임립,스테이크,서울특별시 서초구 서초동 1317-23
970,밀갸또,디저트카페,서울특별시 서초구 서초동 1668-16
971,이파리,한식주점,서울특별시 서대문구 연희동 193-16
972,스와니예,퓨전프랑스식,서울특별시 서초구 반포동 549-17
973,우동 카덴,우동,서울특별시 마포구 서교동 391-5
974,스시코우지,스시,서울특별시 강남구 청담동 1-1
975,스타쉐프바이김후남,퓨전,서울특별시 송파구 방이동 183-6
976,정인면옥,냉면,서울특별시 영등포구 여의도동 13-1
977,리틀앤머치,디저트카페,서울특별시 강남구 삼성동 10-8
978,부자피자 1호점,피자,서울특별시 용산구 한남동 743-33
979,밍글스,뉴코리안,서울특별시 강남구 논현동 94-9
980,화해당,게장,서울특별시 영등포구 여의도동 13-21
981,프츠,커피전문점 #커피 #카페,서울특별시 마포구 도화동 179-9
982,마얘,디저트카페,서울특별시 서초구 반포동 106-6
983,토속촌삼계탕,삼계탕,서울특별시 종로구 체부동 85-1
984,코지마,스시,서울특별시 강남구 청담동 89-17
985,다이닝인스페이스,프랑스식,서울특별시 종로구 원서동 219
986,오프레,프랑스식,서울특별시 서초구 서초3동 1451-86
987,꺄브뒤꼬숑,프랑스식,서울특별시 강남구 신사동 651-9
988,진진,중식,서울특별시 마포구 서교동 469-67
989,수퍼판,가정식,서울특별시 용산구 이촌1동 302-64
990,이십사절기,모던한식,서울특별시 강남구 신사동 589-17
991,울프강 스테이크하우스,스테이크,서울특별시 강남구 청담동 89-6
992,고메트리,프랑스식,서울특별시 성동구 금호동4가 235
993,메종엠오,디저트,서울특별시 서초구 방배동 876-41
994,옹느세자메,디저트,서울특별시 용산구 한남동 684-101
995,권숙수,뉴코리안,서울특별시 강남구 신사동 643-18
996,폴앤폴리나,베이커리,서울특별시 마포구 서교동 343-11
997,펠트,카페,서울특별시 마포구 창전동 2-47
998,라연,한정식,서울특별시 중구 장충동2가 202
999,로칸다몽로,이탈리아식,서울특별시 마포구 서교동 377-20
1000,성산왕갈비,생돼지갈비,서울특별시 마포구 성산2동 450
1001,이심,커피전문점,서울특별시 마포구 연남동 227-5
1002,부띠끄블루밍,이탈리아식,서울특별시 강남구 신사동 623-4
1003,정식바,와인바,서울특별시 강남구 청담동 83-24
1004,미로식당,모던한식,서울특별시 마포구 창전동 6-99
1005,카덴,이자카야,서울특별시 서대문구 연희동 81-1
1006,테라로사(광화문점),커피전문점 #커피 #카페,서울특별시 종로구 중학동 19
1007,스시이끼,스시,서울특별시 종로구 중학동 19
1008,몽고네,이탈리아식,서울특별시 서대문구 연희동 192-29
1009,콩두,모던한식,서울특별시 중구 정동 1-54
1010,JW＇s그릴,스테이크,서울특별시 서초구 반포동 19-3
1011,라뒤레,마카롱,서울특별시 서초구 반포동 19-3
1012,갓포난우,이자카야,서울특별시 강남구 청담동 22-14
1013,나무,퓨전일식,서울특별시 광진구 광장동 21
1014,다담,모던한식,서울특별시 강남구 청담동 97-1
1015,더가든,이탈리아식,서울특별시 강남구 역삼동 60
1016,더반프라임스테이크하우스,스테이크,서울특별시 강남구 청담동 83-12
1017,디저트리,디저트카페,서울특별시 강남구 신사동 653-7
1018,바우고개,한정식,서울특별시 서초구 반포동 745-10
1019,붓처스컷,스테이크,서울특별시 용산구 한남동 683-134
1020,브레드랩,베이커리,서울특별시 영등포구 여의도동 13-25
1021,스바루,소바,서울특별시 서초구 방배본동 18-23
1022,알레그리아,커피전문점,서울특별시 서초구 서초동 1344-13
1023,예당,퓨전한식,서울특별시 강남구 신사동 628-20
1024,오룸다이닝,유럽식,서울특별시 강남구 청담동 22-13
1025,올드크로와상팩토리,패스트리,서울특별시 마포구 서교동 327-44
1026,취홍,일반중식,서울특별시 강남구 역삼동 602
1027,키친,미국식,서울특별시 광진구 광장동 21
1028,뱀부하우스,소고기구이,서울특별시 강남구 역삼동 658-10
1029,필경재,한정식,서울특별시 강남구 수서동 739-1
1030,프로간장게장,게장,서울특별시 서초구 잠원동 27-1
1031,곰바위,곱창,서울특별시 강남구 삼성1동 76-10
1032,그란구스또,이탈리아식,서울특별시 강남구 대치동 962-11
1033,삼청각한식당,한정식,서울특별시 성북구 성북동 330-115
1034,보나세라,이탈리아식,서울특별시 강남구 신사동 650-1
1035,비원떡집,떡,서울특별시 종로구 수송동 25-2
1036,워킹온더클라우드,유럽식,서울특별시 영등포구 여의도동 60
1037,팔레드고몽,프랑스식,서울특별시 강남구 청담동 118-10
1038,버드나무집,소고기구이,서울특별시 서초구 서초동 1340-5
1039,나폴레옹,베이커리,서울특별시 성북구 성북동1가 35-5
1040,시즌즈,프랑스식,서울특별시 중구 남대문로5가 395
1041,주빈커피,커피전문점 #커피 #카페,서울특별시 영등포구 여의도동 36
1042,을지면옥,냉면,서울특별시 중구 입정동 161
1043,라미띠에,프랑스식,서울특별시 강남구 신사동 628-16
1044,원강,소고기구이,서울특별시 강남구 논현동 122-18
1045,백리향,일반중식,서울특별시 영등포구 여의도동 60
1046,하카다분코,라멘,서울특별시 마포구 상수동 93-28
1047,테이블34,프랑스식,서울특별시 강남구 삼성동 159-8
1048,순라길,홍어,서울특별시 종로구 권농동 148 서순라길 141
1049,싱카이,일반중식,서울특별시 중구 태평로1가 84
1050,필동면옥,냉면,서울특별시 중구 필동3가 1-5
1051,슈치쿠,일식,서울특별시 영등포구 여의도동 60
1052,미피아체,이탈리아식,서울특별시 강남구 청담동 97-22
1053,석파랑,한정식,서울특별시 종로구 홍지동 125
1054,하동관,곰탕,서울특별시 중구 명동1가 10-4
1055,우래옥,냉면,서울특별 중구 주교동 118-1 창경궁로 62-29
1056,스시효,일식,서울특별시 강남구 청담동 21-16
1057,대도식당,소고기구이,서울특별시 성동구 홍익동 431
1058,한일관,일반한식,서울특별시 강남구 신사동 619-4
1059,두레,한정식,서울특별시 종로구 인사동 8-7
1060,평양면옥(논현점),냉면,서울특별시 강남구 논현동 66-2
1061,해남천일관,한정식,서울특별시 강남구 역삼동 636-13
1062,콘티넨탈,프랑스식,서울특별시 중구 장충동2가 202
1063,라세느,뷔페,서울특별시 중구 소공동 1
1064,팔선,일반중식,서울특별시 중구 장충동2가 202 동호로 249
1065,무라사키,가이세키,서울특별시 중구 태평로2가 23
1066,무궁화,한정식,서울특별시 중구 소공동 1
1067,아리아께,일식,서울특별시 중구 장충동2가
1068,금룡,광동식중식,서울특별시 광진구 광장동 산21
1069,명월관,소갈비,서울특별시 광진구 광장동 21
1070,모모야마,일식,서울특별시 중구 소공동 1
1071,삼원가든,소갈비,서울특별시 강남구 신사동 623-5
1072,소호정,칼국수,서울특별시 서초구 양재2동 392-11
1073,평안도만두집,만두,서울특별시 종로구 내수동 167
1074,카카오봄,초콜릿,서울특별시 마포구 서교동 337-16
1075,서북면옥,냉면,서울특별시 광진구 구의동 80-47
1076,라싸브어,프랑스식,서울특별시 서초구 반포동 90-10
1077,비스테까,이탈리아식,서울특별시 용산구 이태원2동 211-33
1078,벽제갈비,소갈비,서울특별시 송파구 방이동 205-8
1079,리스토란테 에오,이탈리아식,서울특별시 강남구 청담동 96-22
1080,우래옥(대치점),냉면,서울특별시 강남구 대치동 983-13
1081,양미옥,양곱창,서울특별시 중구 을지로3가 161
1082,산하,만둣국 #만두국 #만두,서울특별시 영등포구 여의도동 44-14
1083,몰타참치,참치,서울특별시 강남구 대치동 891-46
1084,미카야,케이크,서울특별시 마포구 서교동 446-59
1085,봉피양 방이점,돼지갈비,서울특별시 송파구 방이동 205-8
1086,목란,일반중식,서울특별시 서대문구 연희동 132-28
1087,아카사카,일식,서울특별시 용산구 한남동 747-7
1088,외고집설렁탕,설렁탕,서울특별시 강남구 대치4동 923-22
1089,쟈니덤플링,중국만두,서울특별시 용산구 이태원동 130-3
1090,김영모과자점(도곡점),베이커리,서울특별시 강남구 도곡동 467-19
1091,줄라이,프랑스식,서울특별시 서초구 반포동 577-20
1092,뚜또베네,이탈리아식,서울특별시 강남구 청담동 118-9
1093,투스카니,이탈리아식,서울특별시 중구 태평로2가 23
1094,오월의종,베이커리,서울특별시 용산구 한남동 737-2
1095,역전회관,소불고기,서울특별시 마포구 염리동 173-21
1096,품 서울,모던한식,서울특별시 용산구 후암동 358-17
1097,와라쿠,일식꼬치,서울특별시 강남구 신사동 525-16
1098,르쁘띠푸,디저트카페,서울특별시 마포구 상수동 86-37
1099,더파크뷰,뷔페,서울특별시 중구 장충동2가 202
1100,커피투어,커피전문점 #카페 #커피,서울특별시 종로구 내수동 110-34
1101,시추안하우스,사천식중식,서울특별시 강남구 삼성동 154-11
1102,비스트로드욘트빌,프랑스식,서울특별시 강남구 청담동 83-6
1103,엘본 더테이블,이탈리아식,서울특별시 강남구 신사동 530-5
1104,정식당,뉴코리안,서울특별시 강남구 청담동 83-24
1105,레스쁘아뒤이부,프랑스식,서울특별시 강남구 청담동 90-20
1106,메종드조에,베이커리,서울특별시 강남구 청담동 50-7
1107,발우공양,사찰요리,서울특별시 종로구 견지동 71
1108,대성집,도가니탕,서울특별시 종로구 행촌동 209-36
1109,루이쌍끄,프렌치펍,서울특별시 강남구 신사동 657
1110,오뗄두스,베이커리,서울특별시 서초구 반포동 93-5
1111,듀자미,디저트카페,서울특별시 강남구 신사동 535-9
1112,파올로데마리아,이탈리아식,서울특별시 용산구 한남동 657-115
1113,합,떡,서울특별시 강남구 청담동 93-3
1114,도원,일반중식,서울특별시 중구 태평로2가 23
1115,평양면옥,냉면,서울특별시 중구 장충동1가 26-14
1116,오젠,일식,서울특별시 강남구 삼성동 114-40
1117,피에르가니에르서울,프랑스식,서울특별시 중구 소공동 1
1118,수마린,프랑스식,서울특별시 용산구 한남동 31-3
1119,파이브익스트랙츠,커피전문점 #커피 #카페,서울특별시 용산구 한남동 736-10
1120,스시만,스시,서울특별시 서초구 방배동 1-3
1121,도림,일반중식,서울특별시 중구 소공동 1
1122,투뿔등심,소고기구이,서울특별시 강남구 논현동 96-14
1123,늘푸른정육식당,소고기구이,서울특별시 강남구 논현동 145-14
1124,스시조,일식,서울특별시 중구 소공동 87
1125,참나무숯불에닭이만나는순간(희래),닭갈비,서울특별시 서초구 양재동 368
1126,카사델비노,와인바,서울특별시 강남구 청담동 141-13
1127,삐아프,초콜릿,서울특별시 강남구 신사동 523-31
1128,엘카페,커피전문점 #커피 #카페,서울특별시 영등포구 양평동5가 2-1
1129,테일러커피,커피전문점 #커피 #카페,서울특별시 마포구 서교동 329-15
1130,스시타츠,스시,서울특별시 강남구 논현동 8-6
1131,보헤미안,커피전문점 #커피 #카페,서울특별시 성북구 안암동5가 15-85
1132,진미식당,게장,서울특별시 마포구 공덕동 105-127
1133,수정궁,일반중식,서울특별시 도봉구 방학3동 669-3
1134,갯바위,생태,서울특별시 관악구 봉천동 876-19
1135,성민양꼬치,양꼬치,서울특별시 관악구 봉천동 1602-37
1136,스시초희,일식,서울특별시 강남구 신사동 650-6
1137,스위츠플래닛,케이크,서울특별시 강남구 논현동 118-1
1138,구스테이크528,스테이크,서울특별시 강남구 신사동 528-3
1139,기꾸,스시,서울특별시 용산구 이촌동 301-160
1140,송강,장어,서울특별시 서초구 방배3동 1002-1
1141,슈밍화미코,퓨전일식,서울특별시 강남구 청담동 122-7
1142,랩트웬티포,프랑스식,서울특별시 강남구 청담동 89-5
1143,커피템플,커피전문점 #커피 #카페,서울특별시 마포구 상암동 1605
1144,스파카나폴리,피자,서울특별시 마포구 합정동 413-2
1145,마루심,일식장어,서울특별시 서초구 반포동 54-10
1146,펠앤콜,아이스크림,서울특별시 마포구 상수동 310-11
1147,따뚱,북경오리,서울특별시 서초구 잠원동 6-1
1148,류니끄,프랑스식,서울특별시 강남구 신사동 520-1
1149,테이블포포,이탈리아식,서울특별시 서초구 반포4동 110-1
1150,그린테이블,프랑스식,서울특별시 서초구 방배동 797-9
1151,나인스게이트그릴,프랑스식,서울특별시 중구 소공동 87
1152,패스트리부띠끄,베이커리,서울특별시 중구 장충동2가 202
1153,서궁,일반중식,서울특별시 서초구 반포4동 63-1
1154,뀌쏭82,프랑스식,서울특별시 강남구 도곡2동 453-16
1155,더담,퓨전한식,서울특별시 마포구 서교동 328-26
1156,툭툭누들타이,타이식,서울특별시 마포구 연남동 223-15
1157,J.S.가든,일반중식,서울특별시 강남구 논현동 92
1158,이치에,일식주점,서울특별시 강남구 신사동 656-7
1159,파로그랜드,일반중식,서울특별시 중구 수하동 67
1160,태번38,뉴아메리칸,서울특별시 서초구 서초동 1515-5
1161,커피리브레,커피전문점 #커피 #카페,서울특별시 마포구 연남동 227-15
1162,젤라띠젤라띠,아이스크림,서울특별시 마포구 서교동 407-8
1163,파씨오네,프랑스식,서울특별시 강남구 신사동 646-23
1164,비채나,모던한식,서울특별시 용산구 한남동 740-1
1165,이요이요스시,스시,서울특별시 마포구 공덕동 469
1166,그릴데미그라스,경양식,서울특별시 종로구 팔판동 128
1167,청키면가(무교점),완탕,서울특별시 중구 다동 58-1
1168,스시선수,스시,서울특별시 강남구 신사동 651-16
1169,파이브브루잉커피,커피전문점 #커피 #카페,서울특별시 마포구 서교동 405-10
1170,커피몽타주,커피전문점 #커피 #카페,서울특별시 강동구 성내동 555-5
1171,톡톡,이탈리아식,서울특별시 강남구 신사동 656-6
1172,갓포아키,갓포요리,서울특별시 강남구 신사동 647-2
1173,홀드미커피,커피전문점 #커피 #카페,서울특별시 종로구 도렴동 60
1174,제로컴플렉스,프랑스식,서울특별 중구 퇴계로6가길 30 남창동 194
1175,헬카페 로스터즈,커피전문점,서울특별시 용산구 보광동 238-43
1176,수엔190,일반중식,서울특별시 중구 필동1가 30-1
1177,두가헌,유럽식,서울특별시 종로구 사간동 109
1178,나무사이로,커피전문점,서울특별시 종로구 내자동 196
1179,그린마일커피,커피전문점,서울특별시 강남구 논현2동 242-40
1180,로리스더프라임립,스테이크,서울특별시 서초구 서초동 1317-23
1181,밀갸또,디저트카페,서울특별시 서초구 서초동 1668-16
1182,이파리,한식주점,서울특별시 서대문구 연희동 193-16
1183,스와니예,퓨전프랑스식,서울특별시 서초구 반포동 549-17
1184,스시코우지,스시,서울특별시 강남구 청담동 1-1
1185,스타쉐프바이김후남,퓨전,서울특별시 송파구 방이동 183-6
1186,정인면옥,냉면,서울특별시 영등포구 여의도동 13-1
1187,리틀앤머치,디저트카페,서울특별시 강남구 삼성동 10-8
1188,부자피자 1호점,피자,서울특별시 용산구 한남동 743-33
1189,밍글스,뉴코리안,서울특별시 강남구 논현동 94-9
1190,화해당,게장,서울특별시 영등포구 여의도동 13-21
1191,프츠,커피전문점 #커피 #카페,서울특별시 마포구 도화동 179-9
1192,토속촌삼계탕,삼계탕,서울특별시 종로구 체부동 85-1
1193,브레드랩(연남점),베이커리,서울특별시 마포구 연남동 229-67
1194,다이닝인스페이스,프랑스식,서울특별시 종로구 원서동 219
1195,꺄브뒤꼬숑,프랑스식,서울특별시 강남구 신사동 651-9
1196,폴앤폴리나,베이커리,서울특별시 마포구 서교동 343-11
1197,라연,한정식,서울특별시 중구 장충동2가 202
1198,로칸다몽로,이탈리아식,서울특별시 마포구 서교동 377-20
1199,이심,커피전문점,서울특별시 마포구 연남동 227-5
1200,미로식당,모던한식,서울특별시 마포구 창전동 6-99
1201,테라로사(광화문점),커피전문점 #커피 #카페,서울특별시 종로구 중학동 19
1202,스시이끼,스시,서울특별시 종로구 중학동 19
1203,라뒤레,마카롱,서울특별시 서초구 반포동 19-3
1204,나무,퓨전일식,서울특별시 광진구 광장동 21
1205,더가든,이탈리아식,서울특별시 강남구 역삼동 60
1206,더레스토랑,프랑스식,서울특별시 종로구 소격동 59-1
1207,더반프라임스테이크하우스,스테이크,서울특별시 강남구 청담동 83-12
1208,디저트리,디저트카페,서울특별시 강남구 신사동 653-7
1209,붓처스컷,스테이크,서울특별시 용산구 한남동 683-134
1210,브레드랩,베이커리,서울특별시 영등포구 여의도동 13-25
1211,스바루,소바,서울특별시 서초구 방배본동 18-23
1212,스시마츠모토,스시,서울특별시 강남구 신사동 630-1
1213,알레그리아,커피전문점,서울특별시 서초구 서초동 1344-13
1214,예당,퓨전한식,서울특별시 강남구 신사동 628-20
1215,오키친,프랑스식,서울특별시 종로구 중학동 19
1216,올드크로와상팩토리,패스트리,서울특별시 마포구 서교동 327-44
1217,취홍,일반중식,서울특별시 강남구 역삼동 602
1218,키친,미국식,서울특별시 광진구 광장동 21
1219,파리스그릴,프랑스식,서울특별시 용산구 한남동 747-7
1220,피에르에르메,마카롱,서울특별시 강남구 삼성동 159-1
1221,가온,한정식 코스요리,서울특별시 강남구 도산대로 317 신사동 651-24 호림아트센터 M층
1222,라연,한정식,서울특별시 중구 동호로 249 장충동2가 202
1223,곳간,한식,서울특별시 영등포구 여의대로 24 여의도동 28-1
1224,권숙수,"한정식, 코스요리",서울특별시 강남구 압구정로80길 37 청담동 92-18
1225,정식당,"한정식, 코스요리",서울특별시 강남구 선릉로158길 11 청담동 83-24
1226,코지마,"일식, 스시, 오마카세",서울특별시 강남구 압구정로60길 21 청담동 89-17 분더샵(A)
1227,다이닝인스페이스,프렌치 컨템포러리,서울특별시 종로구 율곡로 83 원서동 219
1228,도사바이백승욱,모던 한식요리,서울특별시 강남구 도산대로67길 7 청담동 92-12 파크빌딩 지하 1층
1229,라미띠에,프렌치,서울특별시 강남구 언주로153길 7 신사동 628-16 2층
1230,리스토란테 에오,"이탈리안, 코스요리",서울특별시 강남구 도산대로75길 15 청담동 96-22 노노빌딩 5층 (THE 맛있는밥집5층)
1231,밍글스,"코리안 컨템포러리, 한식",서울특별시 강남구 선릉로 757 논현동 94-9 더채플앳 청담
1232,발우공양,사찰음식,서울특별시 종로구 우정국로 56 견지동 71
1233,보트르 메종,프렌치 컨템포러리,서울특별시 강남구 언주로168길 16 신사동 645-1 히든하우스
1234,비채나,한정식,서울특별시 송파구 올림픽로 300 신천동 29 롯데월드타워 81층
1235,스와니예,이노베이티브,서울특별시 서초구 반포대로39길 46 반포동 549-17 지하 1층
1236,알라 프리마,"파스타, 스테이크, 샐러드",서울특별시 강남구 학동로17길 13 논현동 42-6 인본
1237,포시즌스호텔서울 유유안,"베이징덕, 딤섬, 광둥식요리, 중식",서울특별시 종로구 새문안로 97 당주동 29 11층
1238,익스퀴진,"한식퓨전, 양식, 이노베이티브",서울특별시 강남구 삼성로140길 6 청담동 63-11 라파빌딩
1239,제로컴플렉스,"프랑스음식, 코스요리",서울특별시 중구 퇴계로6가길 30 남창동 194
1240,주옥,"한식, 파인다이닝, 코스요리",서울특별시 강남구 선릉로148길 52-7
1241,진진,"중식, 대게살볶음, 멘보샤",서울특별시 마포구 잔다리로 123 서교동 469-67
1242,큰기와집,간장게장,서울특별시 종로구 북촌로5길 62 소격동 122-3
1243,테이블 포 포,"파인 다이닝, 코스요리",서울특별시 서초구 사평대로14길 11 반포동 110-1 명빌딩
1244,품 서울,"한정식, 파인다이닝",서울특별시 용산구 두텁바위로60길 49 후암동 358-17 대원정사 빌딩 별관 4층
1245,가온,한식,서울특별시 강남구 신사동 651-24 
1246,곳간 by 이종국,한식,서울특별시 영등포구 여의도동 28-1 
1247,권숙수,한식,서울특별시 강남구 신사동 643-18
1248,다이닝 인 스페이스,프렌치 컨템포러리,서울특별시 종로구 원서동 219 
1249,라미띠에,프렌치,서울특별시 강남구 신사동 628-16 
1250,라연,한식,서울특별시 중구 장충동2가 202 
1251,리스토란테 에오,이탈리안 컨템포러리,서울특별시 강남구 청담동 96-22
1252,밍글스,코리안 컨템포러리,서울특별시 강남구 논현동 94-9
1253,발우공양,사찰음식,서울특별시 종로구 견지동 71 
1254,보름쇠,바비큐,서울특별시 강남구 삼성동 155-5 
1255,보트르 메종,프렌치 컨템포러리,서울특별시 강남구 신사동 645-1
1256,비채나,한식,서울특별시 용산구 한남동 740-1 
1257,스와니예,이노베이티브,서울특별시 서초구 반포동 549-17 
1258,알라 프리마,이노베이티브,서울특별시 강남구 논현동 67-11 
1259,유 유안,중식,서울특별시 종로구 당주동 29 
1260,이십사절기,코리안 컨템포러리,서울특별시 강남구 신사동 589-17 
1261,정식당,코리안 컨템포러리,서울특별시 강남구 청담동 83-24 
1262,제로 컴플렉스,이노베이티브,서울특별시 서초구 방배동 1-138 
1263,진진,중식,서울특별시 마포구 서교동 469-67 
1264,코지마,스시,서울특별시 강남구 청담동 89 
1265,큰기와집,게장,서울특별시 종로구 소격동 122-3 
1266,품,한식,서울특별시 용산구 후암동 358-17 
1267,피에르 가니에르,프렌치 컨템포러리,서울특별시 중구 소공동 1 
1268,하모,한식,서울특별시 강남구 신사동 627-13
1269,서울 밤도깨비 야시장,"토시살버터구이, 크레페",서울특별시 영등포구 여의도동 8
1270,올드나이브스,스테이크,서울특별시 용산구 용산동2가 27-5
1271,연교,소룡포,서울특별시 마포구 연남동 383-95
1272,산동만두,새우군만두 9개,서울특별시 용산구 후암로28길 7 북성동2가 9-11
1273,도산분식,도산비빔면,서울특별시 강남구 신사동 652-7
1274,센시티브서울특별시,딥퍼플피자,서울특별시 용산구 한남대로 27가길 26-16 한남동 729-7 1층
1275,스마일포장마차,묵은지닭볶음탕,서울특별시 서초구 반포동 1166
1276,수연산방,단호박 빙수,서울특별시 성북구 성북로 26길 8 북성동2가 9-11
1277,경춘자의 라면 땡기는 날,짬뽕라면,서울특별시 종로구 화동 138-21
1278,백부장집,닭한마리,서울특별시 종로구 공평동 129
1279,어머니 대성집,해장국,서울특별시 동대문구 용신동 754-9
1280,해룡마라롱샤,매운가재볶음,서울특별시 중구 을지로41길 28 3층 을지로6가 18-66 3층
1281,어라운드 그린,블랙빈스테이크,서울특별시 마포구 포은로 5길 47 망원1동 405-1
1282,황소고집,고추장불고기백반,서울특별시 종로구 관철동 11-11
1283,만포막국수,찜닭,서울특별시 중구 동호로 14길 2 다산동 425-18
1284,홍미닭발,통닭발,서울특별시 강남구 신사동 502-1
1285,한신VIP 일번지 포차,삼치구이,서울특별시 서초구 서초동 1424-8
1286,타지,"탄두리 치킨, 새우 커리",서울특별시 중구 명동1가 1-3
1287,황평집,"닭곰탕, 닭전골",서울특별시 중구 마른내로 74 인현동2가 135-13
1288,라면점빵,알라면,서울특별시 종로구 필운동 202
1289,삼숙이 라면,삼숙이라면,서울특별시 종로구 인사동 220-2
1290,오세계향,채식짜장,서울특별시 종로구 인사동 12길 14-5
1291,산마루돌구이,산낙지돌구이,서울특별시 용산구 한강대로 62다길 12
1292,라면 사무소,까르보나라라면,서울특별시 마포구 공덕동 475
1293,오스테리아 오르조,화이트 라구 파스타,서울특별시 용산구 한남동 31-13
1294,애플하우스,떡볶이,서울특별시 서초구 반포동 978 신반포로 50
1295,침니펍,생크림 굴뚝빵,서울특별시 종로구 통의동 35-4
1296,공평동꼼장어,꼼장이구이,서울특별시 종로구 우정국로 29 공평동 120-2
1297,까델루뽀,이탈리안 코스요리,서울특별시 종로구 효자동 39-1
1298,목멱산방,산방비빔밥,서울특별시 중구 예장동 산5-6
1299,변강성가자미,철가마전골,서울특별시 구로구 도림로 101 구로동 151
1300,더풍년,모듬해물,서울특별시 서대문구 통일로 189-1 영천동 323 영천시장 D열
1301,돌체테리아,먹물치즈식빵,서울특별시 마포구 와우산로 18길 29
1302,야스노야,"생 양갈비, 생 양등심",서울특별시 용산구 후암로 8-1 후암동 251-15 1층
1303,방콕야시장,어쑤언,서울특별시 관악구 관악로 14길 38
1304,도이농,"소고기 국수, 버마식 커리",서울특별시 중구 을지로9길 14 수표동 56-11 2층
1305,호계식,닭온반정식,서울특별시 마포구 합정동 433-1
1306,충화반점,라구짜장,서울특별시 마포구 백범로 1길 8-9
1307,미자식당,명란돈가쓰,서울특별시 송파구 송파동 51-9
1308,뽀빠이분식,"떡볶이, 라면, 쫄면",서울특별시 송파구 신천동 7
1309,커피한약방,필터커피,서울특별시 중구 을지로2가 101-34
1310,빵어니스타,두부케이크,서울특별시 마포구 성미산로 153-13
1311,세상 끝의 라멘,끝라멘,서울특별시 마포구 양화로 7길 6-5
1312,훼드라,최루탄라면,서울특별시 서대문구 창천동 62-4
1313,골든크럼블 바이 몽고네,"크럼블, 티라미수",서울특별시 용산구 두텁바위로 후암동 43-14 티엠타운 1층 골든크럼블
1314,해녀김밥,해녀김밥,서울특별시 강남구 논현로 85길 52
1315,연남동 분식점,단팥떡볶이,서울특별시 마포구 동교로 220
1316,사루카메,사루라멘,서울특별시 마포구 연남동 566-67
1317,팔덕식당,양푼동갈비찜,서울특별시 서대문구 연세로5다길 41
1318,익선잡방,마스카포네 치즈 오믈렛,서울특별시 종로구 수표로 28길 17-21
1319,동네정미소,오늘의 밥상,서울특별시 마포구 서교동 468-20
1320,그레인,나만의 브런치,서울특별시 마포구 동교로 46길 23
1321,억조,참복불고기,서울특별시 종로구 종로 35길 21-8
1322,프엉쌀국수,쌀국수,서울특별시 용산구 이태원동 118-40
1323,니코키친,마가리따 피자,서울특별시 종로구 권동동 187-21
1324,펄쉘,오이스터 플래터,서울특별시 용산구 대사관로 31길 16
1325,미래 한우,국수전골,서울특별시 마포구 마포대로 144 태영빌딩
1326,숑가떡볶이,팥빙수,서울특별시 동대문구 답십리로 51길 3-10 답십리동 66-39
1327,모헤닉스테이 308,"모헤닉 핫도그, 아메리카노",서울특별시 영등포구 문래동3가 54-20
1328,을지식당,프랑스육회,서울특별시 중구 충무로 47 3층 을지로3가 296-2 3+층
1329,효도치킨,꽈리멸 치킨,서울특별시 강남구 도산대로46길 21
1330,홍능족발 1977,족발,서울특별시 동대문구 홍릉로 20
1331,지능계발,레인보우 라떼,서울특별시 마포구 망원동 397-14
1332,남한강민물매운탕,민물참게매운탕,서울특별시 광진구 화양동 24-44
1333,소금집델리,잠봉뵈르 샌드위치,서울특별시 마포구 월드컵로 19길 14
1334,빅가이즈크랩,갈릭랍스터,서울특별시 송파구 올림픽로 240
1335,등나무집,소꼬리찜,서울특별시 동작구 신대방동 687-14 대림로 52
1336,파크 하얏트 서울특별시 더라운지,당근 초콜릿 빙수,서울특별시 강남구 테헤란로 606 대치동 995-14 파크 하얏트 서울특별시 24층
1337,낙서파전,파전,서울특별시 동대문구 회기로 28길 11
1338,여의도 메리어트 파크카페,알로하빙수,서울특별시 영등포구 여의대로 8 여의도파크센터
1339,옛날빈대떡,고기녹두빈대떡,서울특별시 양천구 공항대로 638
1340,먹거리 양곱창,곱창구이,서울특별시 서초구 잠원동 22-1
1341,일번지포장마차,시골돼지볶음,서울특별시 동작구 사당동 1030-3
1342,대합탕수제비포장마차,수제비대합탕,서울특별시 양천구 목동 912 목동아파트 5단지 B상가
1343,바오담,브런치2인,서울특별시 영등포구 당산로 27길 9-2
1344,빨대네집,물회,서울특별시 양천구 은행정로1길 2
1345,미우야,소바스시,서울특별시 서초구 강남대로 23길 90
1346,미미면가,냉소바,서울특별시 강남구 신사동 521-16
1347,이자카야 카덴,런치벤또,서울특별시 서대문구 연희동 81-1 거화빌딩 2층
1348,마키보이,샌드마키,서울특별시 영등포구 여의 대방로 383 경도빌딩 109호
1349,오후의 과일,수플레 팬케이크,서울특별시 관악구 관악로 14길 15
1350,로만테이,이소베마끼,서울특별시 강남구 선릉로 155길 29
1351,보라,보라 빙수,서울특별시 종로구 율곡로3길 75-3 소격동 149-5 1층
1352,비채나,한식 코스요리,서울특별시 송파구 신천동 29 롯데월드타워 81층
1353,그릴데미그라스,함박스테이크,서울특별시 종로구 팔판동 128
1354,논현장어,장어냉수육,서울특별시 강남구 학동로 106
1355,반미니,"라면, 점보닭다리",서울특별시 서초구 반포동 115-6
1356,원조포장마차,병어찜,서울특별시 송파구 가락동 96-18
1357,크림필즈,쿠키몬스터컵케이크,서울특별시 서대문구 연희맛로 33 2층
1358,스즈란테이,히레까스,서울특별시 용산구 이촌동 301-151 지하1층
1359,유정식당,흑돼지돌솥비빔밥,서울특별시 강남구 논현동 8-8
1360,프랑스포차,"슈크르트, 부야베스",서울특별시 성동구 성수동2가 315-30
1361,그동네떡볶이,마늘기름떡볶이,서울특별시 마포구 와우산로 27길 14
1362,오리지널 팬케이크 하우스,더치베이비,서울특별시 강남구 강남대로 162길 41
1363,을지OB베어,"노가리, 호프",서울특별시 중구 을지로3가 95-4
1364,수엔 190,팔진초면,서울특별시 중구 퇴계로 190
1365,발리비스트로,나시고랭,서울특별시 마포구 노고산동 31-74
1366,불이아,불이아 정식,서울특별시 강남구 역삼동 668-14
1367,줘마양다리구이,양다리구이,서울특별시 영등포구 대림동 1056-7
1368,매화반점,"깐풍기, 깐쇼새우",서울특별시 광진구 자양동 5-11
1369,콘래드서울특별시 37그릴앤바,망고 빙수,서울특별시 영등포구 국제금융로 10 여의도동 23 서울특별시 국제금융 센터
1370,남해바다마차,참소라회,서울특별시 성북구 석관동 133-62
1371,엉짱윤치킨,닭강정,서울특별시 양천구 목동동로 177
1372,자성당,온쫄면,서울특별시 마포구 잔다리로 7안길 3
1373,림가기,사천식 매운탕면,서울특별시 마포구 와우산로 29길 4-13
1374,헴라갓,쌀국수,서울특별시 중구 회현동 1가 208
1375,왕자장어,아나고구이,서울특별시 강남구 신사동 646-16
1376,와룡동 닭매운탕,닭매운탕,서울특별시 종로구 율곡로 10길 30
1377,더버뮤다,쿠바샌드위치,서울특별시 용산구 녹사평대로 168-6
1378,음 세이로무시,세이로무시,서울특별시 강남구 논현로 149길 51
1379,효자바베,효플레이트,서울특별시 종로구 자하문로 1길 42
1380,꼼모아,비프 웰링턴,서울특별시 용산구 신흥로 56
1381,미술집,나폴리감자전,서울특별시 강남구 강남대로 156길 40
1382,아마센,아이스 우동,서울특별시 종로구 자하문로 43
1383,구상부대찌개,부대전골,서울특별시 강동구 강동대로 53길 12
1384,라운드어바웃,히모가와 우동,서울특별시 용산구 이태원로 259-1
1385,뿌리온더플레이트,뿌리밭채소피자,서울특별시 종로구 계동길 57
1386,슈퍼집,트리플치즈떡볶이,서울특별시 강남구 언주로 130길 14
1387,바바라스키친,매운짜장떡볶이,서울특별시 용산구 대사관로5길 17
1388,리얼시카고피자,시카고피자,서울특별시 종로구 대학로 10길 12
1389,신주닭발,신주닭발,서울특별시 마포구 와우산로 17길 24-3
1390,사랑방 참숯 화로구이,삼겹살,서울특별시 용산구 후암동 415-39
1391,홍대마늘떡볶이,통마늘김밥,서울특별시 마포구 홍익로5안길 24
1392,피자오,makeyourpizza,서울특별시 용산구 신흥로 15-1
1393,쿠시152,쿠시세트 A,서울특별시 강남구 삼성로 104길 16
1394,르꽁뜨와,프렌치 코스요리,서울특별시 강남구 신사동 650-13
1395,JW메리어트 동대문 더라운지,돔빙수,서울특별시 종로구 청계천로 279 종로6가 289-3 1층
1396,호텔수선화,"민트밀크티, 패션후르츠 에이드",서울특별시 중구 충무로 7길 17 4층 을지로3가 302-18 4층
1397,유유안,중식세트A,서울특별시 종로구 새문안로 97 11층
1398,포시즌스호텔서울 마루,월드오브빙수,서울특별시 종로구 새문안로 97
1399,브라더후드키친,다이너마이트 버거,서울특별시 강남구 봉은사로 4길 22
1400,합정옥,곱창전골,서울특별시 마포구 양화로1길 21
1401,런드리피자,포테이토피자,서울특별시 강남구 봉은사로 4길 22
1402,파불라,산니백육,서울특별시 강남구 도산대로81길 51
1403,대선칼국수,두부두루치기,서울특별시 종로구 자하문로4길 6
1404,도동집,"도동탕면, 도동비면",서울특별시 용산구 후암로 80 후암동 439-13 1층
1405,에그썸,마그마 오믈렛,서울특별시 관악구 봉천동 1626-5
1406,비엣콴,"쌀국수, 월남쌈",서울특별시 종로구 계동 102-1 2층
1407,밀도,담백식빵,서울특별시 성동구 성수동 1가 656-442
1408,까이식당,"치킨라이스, 치킨누들",서울특별시 서대문구 대현동 53-10
1409,어육장,지옥의 갈비찜,서울특별시 강남구 테헤란로 13길 12
1410,따빠마드레,해산물 빠에야,서울특별시 종로구 신문로 2가 1-251
1411,이도맨숀,한우 꼬냑등심,서울특별시 영등포구 국회대로 794
1412,달짜,동치미국수,서울특별시 마포구 망원로7길 44
1413,서촌 음료연구소,코코넛 아포가토 빙수,서울특별시 종로구 옥인길 11 누하동 83-3
1414,바베퐁차,"오일퐁듀, 양갈비",서울특별시 서초구 반포동 92-7 지하 1층
1415,토키야,닭냉채소바,서울특별시 마포구 동교로34길 21
1416,춘광사설,토마토라멘,서울특별시 용산구 신흥로26길 11-20 용산동2가 1-219 1층 춘광사설
1417,두꺼비닷컴,피자떡볶이,서울특별시 송파구 동남로 18길 39
1418,골목집,꼼장어,서울특별시 서대문구 홍제동 299-23
1419,토키바야마,창고나베,서울특별시 용산구 녹사평대로 40다길 2
1420,오!푸틴,모짜렐라 푸틴,서울특별시 용산구 이태원동 74-18 1층
1421,할라고,c양꿍,서울특별시 강남구 압구정동 379
1422,목동해물,모둠조개찜,서울특별시 양천구 목동동로 226-13
1423,더 버거,양상추아보카도버거,서울특별시 용산구 녹사평대로 32길 22
1424,대삼식당,삼겹살,서울특별시 강남구 학동로 41길 23
1425,접대,꼬막무침과 소면,서울특별시 마포구 와우산로 21길 20-5
1426,녁,"라구 파스타, 아그루미 크림파스타",서울특별시 중구 수표로 65 강남빌딩 수표동 56-1 강남빌딩
1427,가드너아드리아,삼치파스타 싯가,서울특별시 강남구 압구정로 46길 73
1428,엘이베리코,이베리코 목살,서울특별시 강남구 압구정로28길 22-7
1429,노리테이블,마운트한라롤,서울특별시 용산구 녹사평대로 40가길 2-10
1430,우와,오꼬노미야끼,서울특별시 마포구 와우산로 21길 21-16
1431,한라산,제주 은갈치구이 솥밥,서울특별시 강남구 도산대로 81길 51
1432,다로베,깔조네,서울특별시 성동구 성수동1가 668-3
1433,외할머니라면,다슬기라면,서울특별시 서대문구 충정로2가 124
1434,무침프로젝트 홍어무침,홍어무침,서울특별시 마포구 망원동 411-22
1435,계식당,닭 특수부위구이,서울특별시 강남구 언주로 170길 37
1436,써머레인,크로아상 프렌치토스트,서울특별시 용산구 회나무로 26길 43
1437,티라벤토,실타래 빙수,서울특별시 용산구 녹사평대로26길 77-6 이태원동 96-72
1438,장작집,누룽지 통닭,서울특별시 마포구 월드컵북로6길 19
1439,르블란서,로스티드 치킨,서울특별시 종로구 수표로 28길 30
1440,오사카하루,야끼니꾸 부위별,서울특별시 송파구 올림픽로 32길 19-15
1441,미라이,사바산도,서울특별시 강남구 논현로 153길 24
1442,혜민당,서양배 타르트,서울특별시 중구 을지로2가 101-37
1443,도치피자,스타피자,서울특별시 성동구 연무장길 7
1444,옥상휴게소,계란말이,서울특별시 마포구 공덕동 256-5 2층
1445,군침,오늘의 메뉴,서울특별시 마포구 망원동 410-31
1446,광장토스트,토스트,서울특별시 종로구 창경궁로 88 광장시장 동부 B24호
1447,털보네 꼼장어 닭발,돼지 꼬랑지 구이,서울특별시 용산구 대사관로 63
1448,커피반점,총좌빙토스트,서울특별시 용산구 원효로 84길 21 1층
1449,생고기제작소 당산역점,"육회, 소고기",서울특별시 영등포구 당산로47길 8 당산동6가 314 당일빌딩1층
1450,용호낙지 여의도2호점,낙지,서울특별시 영등포구 국회대로74길 10 여의도동 13-17 굿피플빌딩 1층
1451,사이치킨,사이치킨,서울특별시 종로구 백석동길 1 부암동 257-3
1452,린찐,인절미탕수육,서울특별시 강동구 성내3동 448-21
1453,마포나루,"닭찜, 볶음밥",서울특별시 마포구 도화동 201-39
1454,다성일식,회,서울특별시 서대문구 창천동 72-36
1455,깃대봉냉면,냉면,서울특별시 종로구 숭인동 56-25
1456,조선옥,양념소갈비,서울특별시 중구 을지로3가 229-1
1457,서린낙지,"낚지볶음, 베이컨소시지볶음",서울특별시 종로구 종로1가 24 르메이에르 종로타운 2층
1458,만포막국수,"왕손만두, 찜닭",서울특별시 중구 다산동 425-18
1459,황주집,순곱창,서울특별시 강북구 번1동 463-45
1460,하얀집,"오리모둠, 오리보쌈",서울특별시 중구 퇴계로 86길 15-29 신당5동 141-12
1461,충주집,오돌뼈,서울특별시 동대문구 제기동 138-2
1462,바비큐 큐브,큐브세트,서울특별시 용산구 이촌동 301-19
1463,연히동칼국수,"칼국수, 수육",서울특별시 서대문구 연희동 131-29
1464,꽃지,"꽃게장, 꽃게찜",서울특별시 강남구 삼성동 160-18
1465,양미옥,특양구이,서울특별시 중구 을지로3가 161
1466,연평도 꽃게아구낙지,"꽃게백숙, 간장게장",서울특별시 성동구 마장동 767-36
1467,코끼리분식,즉석떡볶이,서울특별시 마포구 도화동 345-4
1468,피자리움,이태리 피자,서울특별시 용산구 이태원동 529
1469,땡초곱창,"양념곱창, 땡초곱창",서울특별시 중구 황학동 1218
1470,태영식당,된장박이삼겹살,서울특별시 구로구 구로5동 30-2
1471,사발,"궁중국수, 비빔국수",서울특별시 종로구 내수동 72 경희궁의아침 3단지 1층
1472,팔일삼,"양은솥밥, 생돼지김치찌개",서울특별시 강남구 신사동 514-9
1473,애플하우스,"즉석떡볶이, 일반 떡볶이",서울특별시 서초구 반포동 978 신반포로 50
1474,예티,인도음식,서울특별시 마포구 와우산로18길 10 서교동 360-22 2층
1475,둥구나무,"도토리묵사발, 메밀쌀산채쟁반",서울특별시 관악구 대학동 238-9
1476,담장옆에국화꽃,"스페셜 빙수, 전통퓨전떡",서울특별시 서초구 반포동 92-3
1477,할머니 왕파전,파전,서울특별시 동작구 노량진1동 119-178 2층
1478,영덕막회,"막회, 물회",서울특별시 강남구 역삼동 738-18
1479,문래옥,"뚝배기 된장찌개, 차돌박이",서울특별시 영등포구 선유로 17길 28 문래동6가 29-1
1480,웃사브,탄두리 모듬,서울특별시 마포구 상수동 93-102
1481,주,"삼선짜장면, 팔진탕면",서울특별시 서초구 동광로 19길 16 방배동 795-5
1482,종가집,고추장 오삼 주물럭,서울특별시 서초구 서초동 1580-5
1483,피터팬제과,무화과랑 고구마,서울특별시 서대문구 증가로 10 연희동 90-5
1484,맛기행사계절,여수식 갯장어 요리,서울특별시 관악구 봉천동 1632-4
1485,비진도 해물뚝배기,전복 해물뚝배기,서울특별시 서대문구 합동 21-23
1486,박가네 빈대떡,빈대떡,서울특별시 종로구 종로32길 7
1487,15콜룸바,"바비큐, 와인",서울특별시 강남구 논현동 243-15
1488,씨릴로,타코,서울특별시 용산구 이태원로 20길 2-8
1489,피자네버슬립스,피자,서울특별시 마포구 양화로6길 73
1490,양에 반하다,양고기,서울특별시 마포구 동교로 282
1491,고반식당,돼지고기,서울특별시 영등포구 여의대방로67길 21
1492,구르메천억집,회,서울특별시 송파구 법원로9길 26
1493,동원집,감자국,서울특별시 중구 입정동 272
1494,나인티모,"리조또류, 스파냐피자",서울특별시 용산구 이태원로 27가길 18
1495,충무호동복,"멍게비빔밥, 복국",서울특별시 강서구 화곡동 997-11
1496,충무호동복,복어,서울특별시 강서구 화곡로53길 10
1497,독도게찜,독도회코스,서울특별시 강남구 언주로 69길 8
1498,일미집,감자탕,서울특별시 용산구 후암동 194-3
1499,동원경양식,수제함박스테이크,서울특별시 용산구 용산동 2가 45-14
1500,청담순대국,순대국,서울특별시 강남구 청담동 17
1501,오돌이,오돌갈비,서울특별시 동대문구 용두동 235-23
1502,연탄불,닭양념구이,서울특별시 영등포구 당산동 3가 555-1
1503,왕십리순대국,"한판, 순대전골",서울특별시 종로구 이화동 99
1504,큰기와집,소갈비찜 정식,서울특별시 종로구 팔판동 66
1505,나구야,바다장어회,서울특별시 강남구 역삼동 733-26
1506,성수족발,족발,서울특별시 성동구 성수동2가 289-273
1507,레게치킨,레게치킨,서울특별시 마포구 동교동 147-19
1508,등나무집,"꼬리짐, 도가니탕",서울특별시 동작구 신대방동 687-14 대림로 52
1509,등나무집,소고기찜,서울특별시 동작구 신대방동 687-14 대림로 52
1510,백두한우곱창,"소곱창, 대창",서울특별시 강서구 등촌동 673-6
1511,운봉산장,"배갈비 수육, 생갈비 숯불구이",서울특별시 동작구 노량진동 309-18
1512,마당쇠산나무장작바베큐,내장 칼국수,서울특별시 강서구 공항동 45-1
1513,띵하우,꽃게튀김,서울특별시 마포구 연남동 224-35
1514,빠끼또,하몽 이베리꼬 배요따,서울특별시 마포구 성미산로 17길 4
1515,명동 곰돌이,"치킨소스, 참모밀국수",서울특별시 서초구 서초대로 55길 11
1516,서지스테이크,"스테이크, 김치볶음밥",서울특별시 용산구 남영동 33-4
1517,매운불족발구이,매운불족발,서울특별시 은평구 갈현동 400-1
1518,마루심,"하쯔마부시, 마루심 눈꽃세트",서울특별시 서초구 고무래로 10길 10
1519,도쿄팡야,"호두미소빵, 말차메론빵",서울특별시 강남구 신사동 543-8
1520,유자유김치떡볶이,김치떡볶이,서울특별시 성북구 인촌로 24길 47
1521,도우리,한정식,서울특별시 서초구 서초 4동 1692-5
1522,달콤한 거짓말,치즈파레트,"서울특별시 마포구 독막로 61-4 상수동 317-11 1, 2층"
1523,독,조폭불고기,서울특별시 동대문구 전농동 602-4
1524,쭈꾸미 달인,쭈꾸미 모듬 철판,서울특별시 노원구 상계동 595
1525,만나분식,"쫄볶이, 떡튀김",서울특별시 종로구 필운동 108-1
1526,돈까스 백반,돈까스 백반,서울특별시 종로구 신문로2가 1-152
1527,몰리스팝스,막대아이스크림,서울특별시시 마포구 서교동 332-20
1528,새암들,"새암들 정신, 해물닭볶음",서울특별시 서초구 서초동 1713-1
1529,팝컨테이너,오레오빙수,서울특별시 서대문구 창천동 5-11
1530,구스테이크,포터하우스,서울특별시 용산구 한남동 733-70
1531,미미네,떡볶이,서울특별시 마포구 서교동 367-1
1532,새우의 진수,꽃새우,서울특별시 강남구 강남대로 118길 61
1533,김군네통닭집,순살상추쌈,서울특별시 강남구 강남대로 162길 21
1534,오시아,쩌죠샐러드,서울특별시 서대문구 연희로 26길 20
1535,도토리불떡콩,불고기떡볶이,서울특별시 종로구 안국동 24-1
1536,두사라,두사라 세트,서울특별시 강남구 강남대로 154길 13
1537,시래옥,"시래기불고기, 고등어조림",서울특별시 서초구 서초1동 1675-13
1538,탐탐오향족발,족발,서울특별시 마포구 와우산로29길 48-6
1539,줄리에뜨,타르트,서울특별시 서초구 동광로 178 반포동 577-41
1540,소문난명물아구찜,생물 아귀찜,서울특별시 동대문구 장안동 183-23
1541,우주미,해물갈비찜,서울특별시 은평구 녹번동 185
1542,소프트리,"오리지날, 게랑드셀",서울특별시 서초구 서초대로 46길 3
1543,슬로피키친,슬로피조버거,서울특별시 마포구 서교동 332-27 지하 정면
1544,오리지널시카고피자,클래식토마토시카고피자,"서울특별시 마포구 서교동 395-78 3,4층"
1545,뽕신,퓨전 짬뽕,서울특별시 서대문구 신촌로 87-20 창천동 30-20
1546,조게찜터,조게찜,서울특별시 강동구 올림픽로 816
1547,빙봉,브런치테이스팅메뉴,서울특별시 용산구 회나무로 51 이태원2동 210-1
1548,우성갈비,양념돼지갈비,서울특별시 중구 약수동 372-36
1549,원조족발순대국,순댓국,서울특별시 동작구 사당동 1033-23
1550,홀짝집,돼지구이,서울특별시 송파구 백제고분로7길 42-10
1551,만진당,만 즉석 떡볶이,서울특별시 마포구 서교동 404-22
1552,감초식당,돼지불갈비,서울특별시 동대문구 제기동 892-12
1553,더함한우골 (舊 더함 깍둑등심),소고기,서울특별시 영등포구 양산로19길 7
1554,송스키친,"해물치즈떡볶이, 수제돈가스",서울특별시 종로구 신영동 168-3
1555,육미당당,돼지고기,서울특별시 강남구 선릉로86길 17
1556,다이닝펍윤익,"스테이크, 파스타",서울특별시 송파구 송파대로30길 41-31
1557,외래향,외래향 탕수육,서울특별시 관악구 봉천동 874-6
1558,본죽&비빔밥 Cafe,"비빔밥, 죽",서울특별시 서대문구 연세로 20
1559,돈가스대왕전,대왕돈까스,서울특별시 서대문구 대현동 90-67
1560,곤드레쌈밥,곤드레쌈밥정식,서울특별시 용산구 보광동 280-1
1561,두끼,떡볶이,서울특별시 양천구 목동동로 293
1562,봉주르 하와이,러버즈 콤보,서울특별시 마포구 서교동 395-112
1563,홍미당,빵,서울특별시 강남구 선릉로 157길 14-7
1564,붐바타 석촌점,"피자,치킨",서울특별시 송파구 백제고분로 354
1565,미우야善,일식,서울특별시 서초구 서래로 5
1566,숙달돼지 (사당점),돼지고기,서울특별시 서초구 방배천로4안길 20
1567,맛이차이나,안심탕수육,서울특별시 마포구 상수동 317-2
1568,플라잉볼,양식,서울특별시 성동구 왕십리로 136
1569,강남곱,곱창,서울특별시 강남구 역삼로3길 12
1570,청기와,참치회,서울특별시 강남구 언주로148길 14 청호불교문화원
1571,찰스H,"bar, 칵테일, 샴페인",서울특별시 종로구 당주동29 포시즌스호텔 지하1층
1572,거북이슈퍼,"가맥, 맥주, 쥐포",서울특별시 종로구 익선동 166-79
1573,고요남,"갈비, 물회, 한우물회",서울특별시 강남구 논현동 166
1574,와일드마카오,"갈비, 해물, 짜장",서울특별시 광진구 화양동 23-5
1575,마시찜,"갈비찜, 소갈비찜, 매운갈비찜",서울특별시 종로구 동숭동 1-11
1576,찌개,감자찌개,서울특별시 송파구 잠실본동 192-6
1577,서부감자국,"감자탕, 볶음밥, 감자국",서울특별시 은평구 녹번동 181
1578,고기꾼김춘배,"고기집, 삼겹살, 오겹살",서울특별시 마포구 서교동 369-44 3층
1579,나고집,"고깃집, 소고기, 치즈",서울특별시 강남구 논현동62-19
1580,날라리고로케,"고로케, 수제고로케, 치즈",서울특별시 종로구 누상동55-3
1581,쑥이네곱창,곱창,서울특별시 송파구 방이동 204-6
1582,단호박국수,"국수, 단호박, 멸치국수",서울특별시 종로구 필운동106
1583,송림식당,"기사식당, 돼지불백, 선지국",서울특별시 광진구 자양3동227-136
1584,요나요나,"꼬치, 일본, 맥주",서울특별시 마포구 연남동504-32
1585,오동도 산아나고 숯불구이,"꼼장어, 숯불구이, 아나고",서울특별시 서초구 방배동866-10
1586,하단,"냉칼국수, 메밀, 만두국",서울특별시 성북구 성북동 184-40
1587,태백국물닭갈비,"닭갈비, 물닭갈비, 닭",서울특별시 마포구 망원동 418-1 1층
1588,정우네 신숯불닭갈비,"닭갈비, 숯불닭갈비, 닭",서울특별시 마포구 도화동 38-3
1589,갈로할로,"닭꼬치, 길거리음식, 치즈",서울특별시 용산구 이태원2동 599 1층
1590,도넛가이즈,"도넛, 디저트, 미국식",서울특별시 마포구 서교동 340-6
1591,1920 경양식,"돈까스, 레스토랑, 함박스테이크",서울특별시 종로구 익선동 166-71
1592,마피아디저트,"디저트, 밀푀유, 카페",서울특별시 용산구 이태원동 451-7
1593,통인스윗,"디저트, 에그타르트, 타르트",서울특별시 종로구 통인동73
1594,쥬시,"디저트, 쥬스",서울특별시 용산구 이태원동 340-2
1595,메종 엠오,"디저트, 카페",서울특별시 서초구 방배동 876-41
1596,저스트디저트,"디저트, 카페, 아이스크림",서울특별시 서대문구 대현동 90-7
1597,릴리코이,"디저트, 카페, 자몽",서울특별시 용산구 이태원동 656
1598,마얘,"디저트, 카페, 프랑스",서울특별시 용산구 이태원동 211-19
1599,에르모사,"디저트, 컵케이크, 마카롱",서울특별시 마포구 동교동 147-312층
1600,더 델리카테슨,"디저트, 쿠키, 컵케이크",서울특별시 서초구 반포동 19-3
1601,뚝떡,"떡볶이, 분식, 국물떡볶이",서울특별시 성동구 성수동1가 668-41
1602,냠냠1968,"떡볶이, 분식, 김밥",서울특별시 서대문구 연희동 129-3
1603,두끼,"떡볶이, 즉석떡볶이, 뷔페",서울특별시 성북구 안암동5가 104-34 2층
1604,노리랩,"떡볶이, 카페, 모찌",서울특별시 용산구 이태원2동 397-2
1605,슈퍼집,"떡볶이, 튀김, 마늘떡볶이",서울특별시 강남구 논현동 246-1
1606,한성문고,"라멘, 라면",서울특별시 강남구 삼성동 159-8
1607,이치라쿠,"라멘, 이자카야, 돈코츠라멘",서울특별시 강남구 신사동 510-3
1608,라면점빵,"라면, 참치, 치즈",서울특별시 종로구 필운동 202
1609,디브릿지,"라운지바, 칵테일, 샴페인",서울특별시 강남구 청담동 89-6 4층
1610,바이킹스워프,"랍스타, 뷔페",서울특별시 송파구 신천동 29 제2롯데월드 쇼핑몰 1층
1611,마누테라스,"레스토랑, 디저트, 가리비",서울특별시 강남구 청담동 90-20 4층
1612,아르모니움,"레스토랑, 디저트, 와인",서울특별시 용산구 한남동 657-37
1613,넘버포,"레스토랑, 디저트, 파스타",서울특별시 마포구 동교동152-15
1614,후거벤,"레스토랑, 문어, 샐러드",서울특별시 마포구 서교동 367-2 1층
1615,치즈어랏,"레스토랑, 치즈, 라클렛",서울특별시 용산구 이태원동 225-67
1616,라뮤즈 드 연희,"레스토랑, 파스타, 브런치",서울특별시 서대문구 연희동 189-6
1617,미 피아체,"레스토랑, 파스타, 이탈리안레스토랑",서울특별시 강남구 청담동 97-22
1618,오레노,"레스토랑, 푸아그라, 랍스터",서울특별시 용산구 이태원동 112-2
1619,하베스트 남산,"레스토랑, 피자, 풍기피자",서울특별시 용산구 이태원동 258-202
1620,술화덕빵,막걸리,서울특별시 종로구 누하동 219-3
1621,안씨막걸리,"막걸리, 술집, 전통주",서울특별시 용산구 이태원동 257-4
1622,남경막국수,"막국수, 물막국수, 비빔막국수",서울특별시 송파구 잠실동 207-13
1623,빠오즈푸,"만두, 중국만두, 중국식만두",서울특별시 광진구 군자동 361-32
1624,샤오롱티,"만두, 중국식만두, 군만두",서울특별시 종로구 누하동 1-25
1625,퍼스널 다이닝,맞춤음식,서울특별시 강남구 신사동 657-5
1626,볼리포인트,"맥주, 치즈, 버터갈릭",서울특별시 용산구 한남동 684-65
1627,민물장어연구소,"민물장어, 장어, 장어구이",서울특별시 성동구 상왕십리동 12-37 텐즈힐몰 1층 132호
1628,TMI,"버거, 수제버거, 버섯",서울특별시 용산구 이태원동 34-38
1629,하즈벤,"벤또, 사시미, 도시락",서울특별시 용산구 한남동 657-96
1630,916솜씨,"볶음밥, 카페, 파스타",서울특별시 성동구 옥수동 428-10
1631,꾸러기분식,분식,서울특별시 강동구 천호동 24-2
1632,더머거 (the Muger),"뷔페, 브런치뷔페, 브런치",서울특별시 성동구 성수동2가 317-5
1633,보버라운지,"브런치, 디저트, 마카롱",서울특별시 중구 회현동2가 88-1 스테이트타워 1층
1634,세컨드키친,"브런치, 레스토랑, 파스타",서울특별시 용산구 한남동 263-2
1635,더블루버드,"브런치, 카페",서울특별시 동대문구 회기동 346-16
1636,리차드 카피캣,"브런치, 칵테일, 라운지바",서울특별시 용산구 한남동 736-9 4층
1637,밀크,"빵집, 식빵, 치즈",서울특별시 종로구 팔판동 16-2
1638,크럼앤크러스트,"빵집, 치아바타",서울특별시 강남구 삼성동103-22
1639,삼거리푸줏간,"삼겹살, 고기집, 목살",서울특별시 마포구 서교동 361-10
1640,존쿡 델리미트,"샌드위치, 학센, 소시지",서울특별시 강남구 신사동 574-4 1층
1641,미켈러바,"수제맥주, bar, 맥주",서울특별시 강남구 신사동 544-22
1642,쓰리매너티,"수제맥주, 맥주, 하몽",서울특별시 강남구 신사동 627-20
1643,오케이버거,수제버거,서울특별시 영등포구 여의도동 23-8
1644,더백푸드트럭,"수제버거, 파니니, 쿠바노",서울특별시 용산구 후암동 406-57 1층
1645,더수파,"수제비, 파스타, 함박스테이크",서울특별시 강남구 역삼동 813-10 운현빌딩 1층
1646,전통아바이순대,"순대, 아바이순대, 순대국",서울특별시 중구 산림동 84-1
1647,박서방 순대국밥,"순대국밥, 순대",서울특별시 강남구 삼성1동 156-5
1648,하이파이브 교자,"술집, 교자, 맥주",서울특별시 용산구 이태원동 303-20 1층
1649,라함키친,"술집, 라면, 치킨",서울특별시 마포구 서교동 396-27
1650,연남마피아,"술집, 맥주, 어묵",서울특별시 마포구 동교동 148-2
1651,노는좀비,"술집, 소주, 샐러드",서울특별시 마포구 서교동 407-3
1652,연남부르스,"술집, 와인, 샐러드",서울특별시 마포구 동교동 150-6
1653,스시만,"스시, 일본, 고등어",서울특별시 서초구 방배동 1-3 폴라리스빌딩 1층
1654,로드스테이크,"스테이크, 길거리음식, 맥주",서울특별시 용산구 이태원동 673
1655,풀그라운드,"스테이크, 돈까스, 치킨스테이크",서울특별시 마포구 동교동 201-8
1656,울프강 스테이크하우스,"스테이크, 샐러드, 와인",서울특별시 강남구 청담동 89-6 영인빌딩
1657,3239 롯지,스테이크,서울특별시 용산구 이태원동 44-31
1658,굼스테이크,"스테이크, 파스타, 살치살",서울특별시 마포구 상수동 313-2 2층
1659,파스치노팬스테이크,"스테이크, 파스타, 팬스테이크",서울특별시 마포구 서교동 358-8
1660,밋볼리즘,"스파게티, 미트볼, 맥주",서울특별시 용산구 이태원2동 225-143
1661,고미스,스페인요리,서울특별시 종로구 체부동 91-4
1662,미분당,"쌀국수, 베트남쌀국수, 양지쌀국수",서울특별시 서대문구 창천동 72-23
1663,블랙페퍼574,"쌀국수, 싱가폴, 칠리크랩",서울특별시 강남구 신사동 574-7
1664,키스 더 티라미수,"아이스크림, 티라미수, 티라미수아이스크림",서울특별시 마포구 서교동 366-12
1665,램브라튼,"양고기, 양갈비, 샐러드",서울특별시 강남구 신사동 524-28
1666,램랜드,"양고기전문, 양고기, 양갈비",서울특별시 마포구 용강동 114-24
1667,서대문양꼬치,"양꼬치, 꿔바로우, 양고기",서울특별시 마포구 연남동 258-12층
1668,메종드연어,연어요리,서울특별시 서초구 서초동 1308-4
1669,쌜모네키친,"연어전문, 연어요리, 연어",서울특별시 송파구 문정동 150-32
1670,호노야,오꼬노미야끼,서울특별시 마포구 상수동 90-6
1671,호루몬,"오마카세, 일본, 천엽",서울특별시 강남구 청담동 53-6
1672,911온반,"온반, 제육볶음, 된장찌개",서울특별시 성북구 안암동5가 104-153 지하1층
1673,화규,"와규, 토시살, 소고기",서울특별시 마포구 서교동 396-24
1674,라세비야,"와인바, 와인, 마카롱",서울특별시 서초구 서초동 1308-4
1675,림벅와플,"와플, 카페, 수제와플",서울특별시 종로구 누하동 77-13
1676,라우라우,"월남쌈, 쌀국수, 훈제",서울특별시 서초구 서초4동 1685-3
1677,육회한연어,"육회, 랍스타, 연어",서울특별시 종로구 낙원동 121-1
1678,로바다야 카덴,"이자카야, 구이, 우동","서울특별시 서대문구 연희동 81-1 거화빌딩 1,2층"
1679,모로미 청담동점,"이자카야, 사시미, 사케",서울특별시 강남구 청담동 118-1 2층
1680,쿠치나후,이탈리안,서울특별시 영등포구 여의도동 1
1681,토끼정,"일본가정식, 숯불구이, 크림카레우동",서울특별시 강남구 역삼동 812-5
1682,만푸쿠,"일본가정식, 연어, 연어덮밥",서울특별시 송파구 송파동 52-1
1683,스즈란테이,"일본가정식, 일본, 도시락",서울특별시 용산구 이촌동 301-151 로얄상가C동 지하1층
1684,라멘베라보,일본라면,서울특별시 마포구 망원동 385-39
1685,코고,"일식, 찜요리, 사시미",서울특별시 중구 을지로2가 199-41 황해빌딩 2층
1686,왕자장어,"장어, 붕장어, 아나고구이",서울특별시 강남구 신사동 646-16
1687,뜨르들로,"전통빵, 카페, 체코",서울특별시 서대문구 대현동 104-36
1688,뉴욕즉석떡볶이,"즉석떡볶이, 떡볶이, 라면",서울특별시 강남구 신사동 551
1689,분 (BOON),"즉석떡볶이, 떡볶이, 분식",서울특별시 용산구 한남동 739-18
1690,만만디,"짬뽕, 돈까스, 찹쌀탕수육",서울특별시 마포구 서교동 366-24 2층
1691,초류향,"짬뽕, 중국집",서울특별시 중구 다동 164-2
1692,광모네쭈꾸미,쭈꾸미,서울특별시 강동구 성내동 245-32
1693,참사랑해,"참치, 참치회, 갈비",서울특별시 서대문구 연희동 193-2
1694,철판구이300도씨,"철판구이, 고기집, 삼겹살",서울특별시 송파구 잠실본동 189-4
1695,트램타고,"철판요리, 스테이크, 데판야끼",서울특별시 강남구 삼성동 115-4
1696,메이드바이오즈,"치즈, 라클렛, 오징어",서울특별시 마포구 서교동 358-36
1697,치킨토일렛,"치킨집, 치킨, 맥주",서울특별시 동대문구 휘경동 192-5
1698,우나스 (Unas),"카페, 디저트",서울특별시 강남구 논현동 92 2층
1699,오그랑베르,"카페, 디저트, 타르트",서울특별시 종로구 체부동 19
1700,카페 ASL,"카페, 디저트카페, 케이크",서울특별시 강남구 신사동 518-15
1701,에프터스,"카페, 랍스타, 자몽주스",서울특별시 용산구 이태원동 57-11 1층
1702,그데이,"카페, 브런치",서울특별시 용산구 이태원동 564 1층
1703,제르보,카페,서울특별시 송파구 신천동 29 에비뉴엘 2층
1704,엠꼼마카롱,"카페, 커피, 마카롱",서울특별시 강남구 도곡동 453
1705,아이엠 베이글,"카페, 커피, 베이글",서울특별시 종로구 누상동 17
1706,카페부부,"카페, 커피",서울특별시 마포구 망원동 376-15
1707,화이트시크릿,"카페, 커피, 이색카페",서울특별시 강남구 신사동 663-1
1708,사이좋은카페,"카페, 크림생맥주",서울특별시 종로구 누상동 53-1
1709,르쁘띠베르,"카페, 홍차, 애프터눈티",서울특별시 강남구 신사동 643-28
1710,앨리스바,"칵테일, bar, 스페인",서울특별시 강남구 청담동 84-20 지하1층
1711,루팡,"칵테일, bar, 싱글몰트",서울특별시 강남구 청담동 84-18
1712,비어앤볼,"칵테일, 펍, 맥주",서울특별시 서초구 서초동 1308-26
1713,체부동잔치집,"칼국수, 들깨칼국수, 잔치국수",서울특별시 종로구 체부동 190
1714,수정분식,칼국수,서울특별시 종로구 예지동 6-1(광장시장동부A20호)
1715,어메이징타이,"타이, 태국음식",서울특별시 용산구 한남동 683-134 3층
1716,탄탄면공방,탄탄면,서울특별시 서초구 잠원동 38-11
1717,토스트프랑세,"토스트, 카페, 프렌치토스트",서울특별시 용산구 용산동2가 27-3
1718,도시락파스타,"파스타, 도시락, 까르보나라",서울특별시 종로구 계동 8-2
1719,돈파스 팔레,"파스타, 돈까스, 샐러드",서울특별시 관악구 봉천동 1628-18
1720,트라토리아모로,"파스타, 레스토랑, 이탈리안레스토랑",서울특별시 강남구 삼성동 115-17
1721,갈리나데이지,"파스타, 레스토랑, 이탈리안레스토랑",서울특별시 종로구 통인동 118-15
1722,하이드아웃서울,"파스타, 맥주, 치킨",서울특별시 용산구 이태원동 261-9 2층
1723,소년상회,"파스타, 소주, 버니니",서울특별시 광진구 자양3동 783-1
1724,마녀주방,"파스타, 스테이크, 칵테일",서울특별시 강남구 역삼1동 818-14 크리스탈빌딩 지하1층
1725,더고져스 키친,"파스타, 펍, 피자",서울특별시 강남구 신사동 545-1 4층
1726,블루55,"펍, 맥주, 치킨",서울특별시 용산구 이태원동 180-16
1727,티그레 세비체리아,페루음식,서울특별시 용산구 한남동 657-77
1728,봉피양 본점,"평양냉면, 냉면, 돼지갈비",서울특별시 송파구 방이동 205-8
1729,야마뜨,"프랑스, 디저트, 크레페",서울특별시 마포구 서교동 400-16
1730,꾸띠자르당 (cote jardin),"프랑스, 레스토랑",서울특별시 용산구 이태원동 131-23
1731,드모아젤,"프랑스, 빵집, 카페",서울특별시 용산구 이태원동 451-1
1732,르꼬숑,"프랑스가정식, 레스토랑, 샐러드",서울특별시 종로구 삼청동 11-5
1733,르셰프 블루,"프렌치, 레스토랑",서울특별시 서초구 방배동 837-10
1734,슈에뜨,프렌치,서울특별시 종로구 옥인동 157-3
1735,꼼모아,"프렌치, 와인, 수플레",서울특별시 용산구 용산동2가 26-10
1736,르쁘엥,"프렌치, 한우, 와인",서울특별시 서초구 반포동 107-80
1737,얼랑,"한식, 비빔밥, 모던한식",서울특별시 마포구 서교동 330-55
1738,오늘잡은 안동갈비,"한우, 갈비, 소고기",서울특별시 강남구 신사동 553-10
1739,고기고,"한우, 등심, 소고기",서울특별시 강남구 신사동 630-30
1740,한육감 디타워점,"한우, 등심, 소고기",서울특별시 종로구 청진동 249D-Tower 5층
1741,식후경,"한정식, 밥집, 한식",서울특별시 마포구 동교동 197-42 WAWA109사옥
1742,뜨겁개핫도그,"핫도그, 감자튀김, 치즈",서울특별시 강남구 신사동 555
1743,솔빈덕,핫도그,서울특별시 강남구 신사동 657-32
1744,핫도그 온어스틱,"핫도그, 치즈, 레몬에이드",서울특별시 용산구 이태원동 118-71
1745,바랗,"해산물, 생선구이, 샐러드",서울특별시 강남구 신사동 630-23
1746,목동해물,해산물,서울특별시 양천구 목동 406-75
1747,키친485,"화덕피자, 파스타, 피자",서울특별시 마포구 서교동 399-24
1748,보물섬,"횟집, 해산물, 고등어회",서울특별시 강남구 논현동 181-5
1749,하이디라오,"훠궈, 샤브샤브, 중국식샤브샤브",서울특별시 중구 명동1가 59-5
1750,손여사,비빔밥,서울특별시 강서구 염창동 240-21 
1751,금화로숯불고기,양념불고기,서울특별시 마포구 동교동 158-10
1752,꽃중년푸줏간,한우한판,서울특별시 성북구 정릉동 966-193
1753,문어정,해천탕,서울특별시 은평구 녹번동 183-2
1754,아라,물회,서울특별시 강서구 내발산동 670-51
1755,삼환소한마리,소고기 무한리필,서울특별시 강남구 삼성동 107-12
1756,불고기아리랑,버섯 불고기,서울특별시 용산구 용문동 28-25
1757,신선대게,대게,서울특별시 송파구 방이동 43-7
1758,마루심,장어 ,서울특별시 서초구 반포동 54-10
1759,우장군,묵은지 곱창,서울특별시 강서구 화곡동 929-4
1760,계수나무향한식뷔페,닭볶음탕 무한리필,서울특별시 양천구 목3동 610-20 
1761,맛있는족발보쌈,족발보쌈치킨막국수 무한리필,서울특별시 구로구 오류동 6-156
1762,우제홍참치,참치 한마리,서울특별시 강남구 논현동 164-16
1763,트램타고,스테이크,서울특별시 강남구 삼성동 115-4
1764,복돈이 생고기,삼겹살,서울특별시 관악구 남현동 1061-12
1765,장군찜닭,크림찜닭,서울특별시 서대문구 창천동 52-150 
1766,석림정육식당,3000원 우거지국밥,서울특별시 송파구 잠실동 186-11
1767,새마을,소닭개장,서울특별시 마포구 망원동 376-6
1768,랍스랍스,바닷가재 조개찜,서울특별시 강남구 대치동 900-24
1769,고릴라,국물 스테이크,서울특별시 마포구 서교동 396-3
1770,포족,족발 월남쌈,서울특별시 영등포구 여의도동 44-1
1771,진미기사님식당,코다리찜,서울특별시 강북구 수유동 273-77
1772,구뜰집,연탄파불고기,서울특별시 서초구 방배동 863-3
1773,퀸즈가든,무한 삼겹살 월남쌈,서울특별시 서초구 서초동 1330-20 
1774,떴다삼계탕,무한리필 삼계탕,서울특별시 종로구 창신동 581-30
1775,마녀커리크림치킨,카레크림치킨,서울특별시 마포구 서교동 337-15
1776,수정불막창,막창,서울특별시 은평구 갈현동 455-3
1777,대게나라,대게찜,서울특별시 강남구 논현동 261
1778,진주집,꼬리곰탕,서울특별시 중구 남창동 34-13
1779,돈파스팔레,돈가스파스타,서울특별시 관악구 봉천동 1628-18 
1780,크레아,프렌치,서울특별시 강남구 언주로 164길 24
1781,에스테번,아메리칸 레스토랑,서울특별시 강남구 도산대로 45길 16-11 
1782,우오,스시,서울특별시 강남구 도산대로 45길 18-10 
1783,마이쏭,브런치 #미국가정식,서울특별시 강남구 도산대로 45길 16-4
1784,비스트로 뚝떡,분식,서울특별시 성동구 성수동1가 668-41
1785,대가집,감자탕,서울특별시 성북구 정릉로21길 71 1층
1786,먹거리곱창,"곱창, 막창",서울특별시 성북구 정릉로21길 71 1층
1787,보난자 베이커리,베이커리,서울특별시 성동구 성수동1가 668-31
1788,체부동 잔치집,국수,서울특별시 종로구 자하문로1길 16
1789,김판조닭강정,닭강정,서울특별시 송파구 석촌호수로12길 21
1790,교토마블,데니쉬 식빵,서울특별시 용산구 서빙고로 69 
1791,미스터홈즈,도넛,서울특별시 강남구 신사동 524-16 
1792,모모야,돈가스,서울특별시 용산구 이촌로 248 
1793,서울특별시 ,돼지갈비,서울특별시 성동구 성수동1가 668-21 
1794,망원동 돼지국밥,돼지국밥,서울특별시 마포구 동교로9길 71 
1795,수퍼판,가정식 전문점,서울특별시 용산구 이촌로64길 61
1796,이꼬이,이자카야,서울특별시 용산구 이촌로77길 19
1797,브레드05,베이커리,서울특별시 용산구 이촌로 64길 61 
1798,부티커리 미엘르,디저트,서울특별시 서초구 동광로 93
1799,백곰막걸리&양조장,막걸리,서울특별시 강남구 압구정로48길 39
1800,은마왕만두,만두,서울특별시 강남구 삼성로 212
1801,파오파오,만두,서울특별시 송파구 석촌호수로12길 22
1802,전대감댁,막걸리,서울특별시 종로구 자하문로1길24-1
1803,키친로딩,멕시칸,서울특별시 성동구 성수동1가 668-25 
1804,목포낙지,민어,서울특별시 마포구 삼개로 7-2
1805,3대 서가밀면,밀면,서울특별시 영등포구 양평로 59
1806,모힝,퓨전 이탈리안,서울특별시 관악구 남부순환로226길 36
1807,효자바베,바비큐,서울특별시 종로구 자하문로1길 42
1808,반미 리,반미 ,서울특별시 용산구 신흥로 54
1809,수다메리까,남미음식,서울특별시 관악구 관악로14길 22
1810,주옥,한식 비스트로,서울특별시 강남구 선릉로 148길 52-7
1811,DOSA 바이 백승욱,모던 한식,서울특별시 강남구 도산대로 67길 7
1812,다담,한식,서울특별시 강남구 도산대로 445 
1813,합,떡,서울특별시 강남구 도산대로 61길 10
1814,식빵학개론,베이커리,서울특별시 서초구 동광로 75
1815,토리베이커리,베이커리,서울특별시 종로구 옥인길 30-3
1816,제로컴플렉스,모던 선술집,서울특별시 서초구 동광로 113 2층
1817,스시만,스시,서울특별시 서초구 동광로27길 3
1818,더 그린테이블,프렌치,서울특별시 서초구 동광로 91
1819,바켄,베이커리,서울특별시 강남구 신사동 528-3
1820,튀김아저씨,분식,서울특별시 강남구 삼성로 212
1821,칼라분식,분식,서울특별시 송파구 석촌호수로12길 3
1822,스윗밸런스,샐러드,서울특별시 관악구 봉천동 1620-27
1823,기차순대국,순대국,서울특별시 성북구 보국문로11길 18-6
1824,낙원떡집,떡,서울특별시 강남구 삼성로 212
1825,꼼모아,프렌치,서울특별시 용산구 신흥로 56
1826,보라초,스페인요리,서울특별시 마포구 망원동 414-56
1827,필리스,펍,서울특별시 용산구 신흥로 31-1
1828,카사블랑카,샌드위치,서울특별시 용산구 신흥로 33
1829,해크니,카페,서울특별시 용산구 신흥로 34
1830,바라짜노,와인바,서울특별시 강남구 청담동 88-29
1831,딥블루레이크,카페,서울특별시 마포구 포은로 6길 11
1832,18번완당명가,완당,서울특별시 종로구 대학로8가길 48 
1833,친친원테이블,이탈리안,서울특별시 종로구 옥인3길 16
1834,라멘남,일본라면,서울특별시 관악구 관악로14길 101
1835,라멘베라보,일본라면,서울특별시 마포구 망원동 385-39
1836,미타,일본우동,서울특별시 송파구 삼전로10길 7
1837,공씨네족발보쌈,족발,서울특별시 송파구 석촌호수로12길 17
1838,전라도죽집,죽,서울특별시 강남구 삼성로 212
1839,더 라운드,중식,서울특별시 강남구 선릉로 148길 37
1840,진진가연,짬뽕,서울특별시 마포구 월드컵북로1길 62
1841,철판남 by 대한의 건아들,철판구이,서울특별시 종로구 자하문로1길 53
1842,남경막국수,막국수,서울특별시 송파구 백제고분로7길 52-29
1843,커피한약방,카페,서울특별시 중구 을지로2가 101-34
1844,호텔수선화,카페,서울특별시 중구 을지로3가 302-18
1845,라미띠에,프렌치,서울특별시 강남구 언주로 153길 7
1846,하카타셉템버,일식,서울특별시 강남구 압구정로 34길 24 
1847,삼원가든,한우구이,서울특별시 강남구 언주로 835 
1848,벙커 컴퍼니,카페,서울특별시 관악구 관악로12길 105
1849,두에꼬제,피자,서울특별시 용산구 한남동 72-1
1850,한남북엇국,북어국 #해산물,서울특별시 용산구 한남동 73-2
1851,마농트로포,디저트,서울특별시 용산구 한남동 32-22
1852,한남리커,술집,서울특별시 용산구 한남동 68-20 
1853,세컨드키친,브런치,서울특별시 용산구 한남동 263-2
1854,대루커피,카페,서울특별시 마포구 동교로 70
1855,남도분식,상추쌈,서울특별시 종로구 옥인길 33
1856,슬로카페 달팽이,카페,서울특별시 성북구 솔샘로 18길 84
1857,양가네손칼국수,칼국수,서울특별시 성북구 솔샘로6길 59
1858,슬로우 브레드 에버,베이커리,서울특별시 종로구 옥인길 8
1859,퀸즈파이,파이,서울특별시 강남구 삼성로 212
1860,콰이19,중식,서울특별시  강남구 신사동 524-1 
1861,성수 스타우트,펍,서울특별시 성동구 성수동1가 656-938 
1862,삐아프,초콜릿,서울특별시  강남구 신사동 523-31 
1863,미피아체,이탈리안,서울특별시 강남구 청담동 97-22 
1864,카페 74,브런치,서울특별시 강남구 청담동 83-20
1865,앨리스,바,서울특별시 강남구 청담동 84-20
1866,신도시,펍,서울특별시 중구 을지로 수표동 11-2
1867,더탭스,펍,서울특별시  마포구 망원동 338-39
1868,앙스모멍,프렌치,서울특별시 강남구 언주로 153길 12 
1869,옥인피자,피자,서울특별시 종로구 옥인길 26
1870,계단집,해산물,서울특별시 종로구 내자동 11-1
1871,중앙해장,해장국,서울특별시 강남구 영동대로86길 17 
1872,쿠마,회,서울특별시 영등포구 여의대방로69길 7
1873,세진식당,갑오징어숙회,서울특별시 중구 을지로15길 21 
1874,골목집,수육,서울특별시 종로구 당주동 168
1875,서경도락,불고기,서울특별시 마포구 삼개로 21
1876,퓨전선술집,숙성회,서울특별시 마포구 합정동 383-9
1877,꼬꼬댁,닭곰탕,서울특별시 서초구  마방로10길 18-5
1878,논현갈비,한우갈비,서울특별시 강남구 언주로113길 10
1879,김설문 일식,튀김,서울특별시 중구 북창동 104
1880,한상석 해물집,아귀찜,서울특별시 강남구 선릉로86길 44-5
1881,원조숯불닭불고기집,닭불고기,서울특별시 도봉구 마들로 735-8
1882,신부자식당,삼겹살,서울특별시 강남구 강남대로96길 5
1883,강산옥,콩국수,서울특별시 중구 주교동 56-3
1884,육통령,삼겹살,서울특별시 중구 명동8나길 37-2
1885,꽃이피움,카페,서울특별시 종로구 관훈동 151-8
1886,일오팔닭국수,닭국수,서울특별시 종로구 종로 214
1887,마루수산,횟집,서울특별시 중구 을지로 255
1888,진시미엔,중식,서울특별시 강남구 강남대로 520
1889,밀과 보리,보리밥,서울특별시 종로구 창덕궁1길 32
1890,한육감,한우구이,서울특별시 종로구 종로3길 17
1891,스시유,스시,서울특별시 강남구 영동대로 407
1892,산까치냉면,냉면,서울특별시 마포구 도화길 35
1893,어머니대성집,해장국,서울특별시 동대문구 용신동 754-9
1894,만정,불고기,서울특별시 종로구 삼청로 124-2
1895,삼삼구락부,김치찌개 #떡갈비,서울특별시 강서구 화곡로 58길 19-9
1896,유아더쉐프,춘빙,서울특별시 서초구 강남대로16길 29
1897,은성양곱창,양곱창,서울특별시 중구 명동8나길 37-2
1898,필동해물,횟집,서울특별시 중구 필동2가 97-1
1899,대장금,수육전골,서울특별시 강남구 삼성로 530
1900,동원집,감자탕,서울특별시 중구 입정동 272
1901,선일네닭한마리,닭개장,서울특별시 송파구 오금로46길 37
1902,스시카마,스시,서울특별시 강남구 논현로159길 46-5
1903,진시황북어국,북어국,서울특별시 마포구 만리재로 15
1904,진주집,콩국수,서울특별시 영등포구 여의도동 36-2
1905,호수삼계탕,삼계탕,서울특별시  영등포구 신길동 342-325
1906,부원면옥,평양냉면,서울특별시 중구 남창동 47-10 
1907,야마야,일본가정식,서울특별시 종로구 새문안로3길 12
1908,정원순두부,순두부,서울특별시 중구 세종대로11길 30
1909,원대구탕,대구탕,서울특별시 용산구 한강대로62가길 8
1910,목천집,매생이 칼국수,서울특별시 서초구 효령로52길 69
